Alter,Einkommen,Preis,Geschlecht,Zeit,KundeNr,Niederlassung
68,89437.0,114481.9,1.0,62.0,K0001,Sachsen
58,65271.0,106258.99,1.0,44.0,K0002,Nordrhein-Westfalen
44,48195.0,85705.57,1.0,29.0,K0003,Hessen
37,48957.0,76412.36,0.0,36.0,K0004,Bayern
50,56621.0,92898.67,0.0,40.0,K0005,Bayern
68,93315.0,141822.38,1.0,69.0,K0006,Baden-Württemberg
48,44481.0,63604.43,1.0,30.0,K0007,Nordrhein-Westfalen
52,60315.0,106359.99,1.0,40.0,K0008,Berlin
40,50085.0,68956.52,0.0,42.0,K0009,Bayern
40,43750.0,67687.0,1.0,28.0,K0010,Berlin
53,30821.0,58450.55,1.0,26.0,K0011,Nordrhein-Westfalen
65,73235.0,115599.05,0.0,40.0,K0012,Baden-Württemberg
69,89082.0,124730.66,1.0,66.0,K0013,Nordrhein-Westfalen
53,70398.0,102062.3,0.0,48.0,K0014,Sachsen
32,43022.0,50811.55,1.0,36.0,K0015,Sachsen
51,47883.0,90273.18,1.0,45.0,K0016,Berlin
31,42377.0,69094.76,1.0,31.0,K0017,Bayern
53,55741.0,83296.61,0.0,41.0,K0018,Berlin
59,72303.0,101687.09,0.0,44.0,K0019,Bayern
67,78468.0,123598.99,0.0,47.0,K0020,Baden-Württemberg
31,27501.0,39695.86,1.0,22.0,K0021,Hessen
50,49026.0,79076.93,0.0,36.0,K0022,Berlin
62,75575.0,124516.56,1.0,50.0,K0023,Nordrhein-Westfalen
41,46542.0,63477.0,nan,40.0,K0024,Baden-Württemberg
51,50677.0,83785.2,0.0,34.0,K0025,Niedersachsen
54,53037.0,88479.15,1.0,44.0,K0026,Nordrhein-Westfalen
56,61920.0,94455.39,1.0,49.0,K0027,Nordrhein-Westfalen
57,83306.0,112854.14,1.0,53.0,K0028,Sachsen
45,47574.0,87328.47,1.0,33.0,K0029,Nordrhein-Westfalen
44,52043.0,72895.13,1.0,42.0,K0030,Sachsen
32,40277.0,42093.26,1.0,34.0,K0031,Bayern
66,63799.0,109159.01,1.0,48.0,K0032,Brandenburg
36,24397.0,32833.88,0.0,38.0,K0033,Baden-Württemberg
50,47571.0,83365.24,0.0,39.0,K0034,Baden-Württemberg
38,48364.0,85707.42,1.0,35.0,K0035,Bayern
68,79182.0,125939.52,1.0,48.0,K0036,Baden-Württemberg
47,63067.0,102867.75,1.0,41.0,K0037,Bayern
33,41309.0,82824.09,1.0,25.0,K0038,Baden-Württemberg
120,61857.0,104214.07,1.0,52.0,K0039,Baden-Württemberg
43,44559.0,74144.49,1.0,22.0,K0040,Sachsen
38,55278.0,95883.59,1.0,46.0,K0041,Baden-Württemberg
55,54161.0,104859.86,1.0,36.0,K0042,Nordrhein-Westfalen
31,26047.0,63491.25,1.0,24.0,K0043,Baden-Württemberg
49,63769.0,88665.28,1.0,41.0,K0044,Sachsen
57,51842.0,70527.14,0.0,51.0,K0045,Sachsen
36,69703.0,86119.52,0.0,50.0,K0046,Niedersachsen
37,45467.0,75752.08,1.0,43.0,K0047,Niedersachsen
64,77668.0,116246.65,0.0,63.0,K0048,Baden-Württemberg
43,42342.0,66374.97,1.0,37.0,K0049,Thüringen
46,50946.0,83406.88,0.0,32.0,K0050,Nordrhein-Westfalen
65,70352.0,92584.18,0.0,49.0,K0051,Sachsen
69,73444.0,115561.62,1.0,47.0,K0052,Niedersachsen
33,47124.0,79603.78,1.0,35.0,K0053,Bayern
31,33214.0,58416.51,1.0,31.0,K0054,Sachsen
35,53464.0,82821.95,1.0,41.0,K0055,Bayern
33,69142.0,107174.44,1.0,52.0,K0056,Hessen
58,64180.0,98148.01,1.0,51.0,K0057,Baden-Württemberg
47,57101.0,79106.97,1.0,43.0,K0058,Sachsen
55,68245.0,112358.24,0.0,52.0,K0059,Baden-Württemberg
63,92456.0,141292.39,0.0,57.0,K0060,Bayern
39,45873.0,75731.69,1.0,47.0,K0061,Hessen
65,65989.0,102710.38,1.0,44.0,K0062,Nordrhein-Westfalen
43,37376.0,63383.29,1.0,42.0,K0063,Hessen
60,68926.0,91715.99,1.0,39.0,K0064,Bayern
44,47332.0,84281.71,0.0,36.0,K0065,Baden-Württemberg
37,66398.0,101131.52,1.0,46.0,K0066,Nordrhein-Westfalen
43,70304.0,83886.2,1.0,52.0,K0067,Thüringen
52,49657.0,89589.3,1.0,46.0,K0068,Nordrhein-Westfalen
69,71612.0,116360.51,1.0,42.0,K0069,Berlin
50,59505.0,78150.23,0.0,37.0,K0070,Sachsen
45,68432.0,82849.76,0.0,39.0,K0071,Berlin
47,56068.0,88529.55,1.0,52.0,K0072,Hamburg
53,54940.0,82628.47,1.0,45.0,K0073,Berlin
55,63491.0,115135.5,1.0,39.0,K0074,Berlin
54,56229.0,97038.57,0.0,40.0,K0075,Nordrhein-Westfalen
70,86939.0,132147.29,0.0,67.0,K0076,Hamburg
58,59695.0,99547.37,1.0,43.0,K0077,Bayern
44,46659.0,87048.58,1.0,36.0,K0078,Bayern
30,49606.0,76579.11,0.0,34.0,K0079,Baden-Württemberg
54,54712.0,92084.38,1.0,35.0,K0080,Hessen
36,27831.0,38628.85,0.0,37.0,K0081,Bayern
38,46715.0,101650.7,1.0,50.0,K0082,Baden-Württemberg
53,58050.0,78625.3,1.0,37.0,K0083,Niedersachsen
30,42551.0,58706.65,1.0,46.0,K0084,Niedersachsen
37,48042.0,54313.59,1.0,36.0,K0085,Nordrhein-Westfalen
53,61613.0,99068.03,1.0,50.0,K0086,Brandenburg
40,47192.0,72220.0,0.0,48.0,K0087,Sachsen
46,46384.0,82034.0,1.0,37.0,K0088,Sachsen
37,45503.0,50836.91,1.0,35.0,K0089,Nordrhein-Westfalen
64,83452.0,133180.7,nan,62.0,K0090,Niedersachsen
64,63338.0,92846.99,1.0,39.0,K0091,Bayern
62,71666.0,107104.52,1.0,59.0,K0092,Thüringen
34,52606.0,83864.29,1.0,42.0,K0093,Bayern
68,83716.0,125611.48,0.0,53.0,K0094,Bayern
70,94606.0,139830.32,1.0,58.0,K0095,Berlin
57,60138.0,102300.93,1.0,35.0,K0096,Baden-Württemberg
36,23660.0,49960.18,1.0,23.0,K0097,Thüringen
38,47861.0,66834.88,0.0,37.0,K0098,Hessen
37,48532.0,68786.85,0.0,32.0,K0099,Hessen
41,63780.0,90449.48,0.0,47.0,K0100,Niedersachsen
63,85695.0,114451.46,1.0,61.0,K0101,Brandenburg
62,77546.0,124857.23,1.0,52.0,K0102,Baden-Württemberg
52,69175.0,103778.57,1.0,54.0,K0103,Hessen
53,59879.0,92542.02,1.0,39.0,K0104,Niedersachsen
66,62843.0,113812.63,1.0,53.0,K0105,Berlin
64,75171.0,112055.97,1.0,53.0,K0106,Nordrhein-Westfalen
69,89976.0,129284.1,1.0,71.0,K0107,Bayern
51,66908.0,93021.39,1.0,65.0,K0108,Bayern
56,74257.0,110427.22,0.0,49.0,K0109,Baden-Württemberg
64,69256.0,110341.3,1.0,47.0,K0110,Berlin
30,34125.0,46414.4,1.0,30.0,K0111,Nordrhein-Westfalen
64,79138.0,114319.8,0.0,59.0,K0112,Nordrhein-Westfalen
66,70138.0,102407.29,1.0,59.0,K0113,Berlin
43,45517.0,63320.19,0.0,33.0,K0114,Hessen
32,42406.0,45125.2,1.0,39.0,K0115,Nordrhein-Westfalen
30,45256.0,62326.68,1.0,37.0,K0116,Bayern
34,39181.0,41898.43,0.0,39.0,K0117,Baden-Württemberg
55,51515.0,78247.78,0.0,51.0,K0118,Thüringen
43,43130.0,61803.14,0.0,35.0,K0119,Hessen
68,80444.0,131551.59,1.0,44.0,K0120,Thüringen
56,67292.0,90615.29,1.0,54.0,K0121,Bayern
38,48301.0,64230.98,1.0,33.0,K0122,Niedersachsen
44,57848.0,81081.18,1.0,43.0,K0123,Bayern
44,52258.0,72060.58,0.0,47.0,K0124,Bayern
55,67004.0,114150.05,1.0,51.0,K0125,Hamburg
42,49536.0,62506.44,0.0,39.0,K0126,Bayern
61,83098.0,116002.86,1.0,53.0,K0127,Baden-Württemberg
68,93769.0,137923.28,1.0,42.0,K0128,Bayern
61,57745.0,102766.17,1.0,49.0,K0129,Baden-Württemberg
33,37491.0,53138.58,0.0,32.0,K0130,Niedersachsen
59,68825.0,83303.72,0.0,60.0,K0131,Brandenburg
66,73170.0,109500.77,0.0,54.0,K0132,Baden-Württemberg
52,80319.0,124885.27,0.0,51.0,K0133,Baden-Württemberg
68,80664.0,122681.63,0.0,63.0,K0134,Baden-Württemberg
44,43460.0,71339.81,0.0,45.0,K0135,Hessen
58,73853.0,97928.13,1.0,50.0,K0136,Baden-Württemberg
65,77918.0,104728.1,1.0,62.0,K0137,Nordrhein-Westfalen
42,53324.0,79456.84,1.0,38.0,K0138,Baden-Württemberg
61,90246.0,111436.45,0.0,61.0,K0139,Bayern
36,47319.0,76696.47,0.0,43.0,K0140,Sachsen
51,56496.0,78599.02,1.0,49.0,K0141,Niedersachsen
57,45095.0,77157.15,0.0,42.0,K0142,Baden-Württemberg
31,36296.0,35482.61,0.0,31.0,K0143,Nordrhein-Westfalen
35,56593.0,74955.3,1.0,51.0,K0144,Brandenburg
57,65311.0,87351.94,1.0,47.0,K0145,Nordrhein-Westfalen
57,42006.0,50508.57,0.0,32.0,K0146,Hessen
49,52215.0,87326.82,1.0,37.0,K0147,Niedersachsen
59,79235.0,130383.85,0.0,68.0,K0148,Thüringen
40,53774.0,90227.44,1.0,37.0,K0149,Bayern
57,57191.0,96831.38,0.0,53.0,K0150,Hessen
54,56914.0,83783.08,0.0,36.0,K0151,Berlin
68,73781.0,120941.76,0.0,55.0,K0152,Baden-Württemberg
62,64538.0,113786.43,1.0,49.0,K0153,Baden-Württemberg
30,14993.0,33678.17,0.0,34.0,K0154,Baden-Württemberg
56,73496.0,94040.73,0.0,47.0,K0155,Niedersachsen
42,63657.0,84814.32,1.0,40.0,K0156,Hessen
70,63937.0,121009.5,0.0,46.0,K0157,Hessen
32,52664.0,72598.33,1.0,53.0,K0158,Baden-Württemberg
68,77118.0,83418.33,1.0,47.0,K0159,Berlin
35,55716.0,63069.62,1.0,25.0,K0160,Sachsen
37,45011.0,63758.96,1.0,38.0,K0161,Berlin
56,66685.0,110938.59,1.0,55.0,K0162,Hessen
38,49724.0,69448.24,0.0,33.0,K0163,Nordrhein-Westfalen
66,67497.0,117195.91,1.0,55.0,K0164,Nordrhein-Westfalen
62,84681.0,115423.31,0.0,50.0,K0165,Hamburg
53,49798.0,61329.51,nan,39.0,K0166,Nordrhein-Westfalen
44,47834.0,69642.73,1.0,44.0,K0167,Berlin
61,76325.0,116425.9,1.0,45.0,K0168,Sachsen
61,65117.0,102799.87,0.0,49.0,K0169,Bayern
53,70392.0,89785.65,1.0,59.0,K0170,Bayern
70,95326.0,133593.66,1.0,66.0,K0171,Baden-Württemberg
41,59921.0,111734.31,0.0,40.0,K0172,Nordrhein-Westfalen
68,57238.0,84306.46,1.0,54.0,K0173,Berlin
31,39454.0,65981.74,1.0,39.0,K0174,Bayern
32,50330.0,49540.28,1.0,27.0,K0175,Bayern
66,61785.0,108131.17,0.0,52.0,K0176,Sachsen
46,62212.0,81404.44,1.0,42.0,K0177,Nordrhein-Westfalen
31,45328.0,68156.01,0.0,39.0,K0178,Hessen
31,24944.0,31094.22,1.0,35.0,K0179,Hessen
57,75347.0,111539.65,0.0,49.0,K0180,Berlin
52,63832.0,84810.82,0.0,35.0,K0181,Berlin
66,83118.0,113976.31,0.0,67.0,K0182,Sachsen
61,60160.0,100767.22,1.0,53.0,K0183,Baden-Württemberg
62,73353.0,104733.83,0.0,51.0,K0184,Berlin
30,18515.0,41027.79,1.0,30.0,K0185,Bayern
48,31841.0,58334.15,1.0,28.0,K0186,Brandenburg
31,39617.0,60089.79,1.0,35.0,K0187,Berlin
55,76066.0,112809.53,0.0,52.0,K0188,Hamburg
61,73383.0,105062.59,0.0,49.0,K0189,Baden-Württemberg
35,41741.0,52271.78,0.0,38.0,K0190,Hamburg
61,68606.0,99514.15,1.0,41.0,K0191,Bayern
33,30037.0,62787.47,1.0,28.0,K0192,Baden-Württemberg
40,45448.0,70066.79,0.0,40.0,K0193,Baden-Württemberg
46,58938.0,78516.69,1.0,57.0,K0194,Nordrhein-Westfalen
67,72430.0,116130.92,1.0,43.0,K0195,Berlin
53,70100.0,107089.66,1.0,54.0,K0196,Hessen
34,43470.0,70250.0,1.0,41.0,K0197,Nordrhein-Westfalen
63,76247.0,103879.52,1.0,40.0,K0198,Niedersachsen
35,52067.0,67345.58,1.0,44.0,K0199,Berlin
51,54077.0,77842.13,1.0,48.0,K0200,Berlin
40,55005.0,76273.78,1.0,47.0,K0201,Berlin
45,49088.0,80749.79,0.0,39.0,K0202,Niedersachsen
62,75407.0,115505.36,1.0,55.0,K0203,Brandenburg
38,38681.0,65930.74,1.0,36.0,K0204,Nordrhein-Westfalen
35,32553.0,66814.09,0.0,19.0,K0205,Nordrhein-Westfalen
45,54276.0,88859.4,1.0,43.0,K0206,Baden-Württemberg
58,46940.0,78383.96,0.0,36.0,K0207,Baden-Württemberg
32,35961.0,42830.37,0.0,28.0,K0208,Niedersachsen
49,40198.0,62115.3,1.0,52.0,K0209,Bayern
65,83431.0,119640.51,1.0,65.0,K0210,Baden-Württemberg
48,67923.0,104683.62,0.0,41.0,K0211,Sachsen
55,54760.0,86038.6,0.0,45.0,K0212,Bayern
32,43819.0,57548.45,1.0,47.0,K0213,Sachsen
48,66286.0,88275.44,1.0,38.0,K0214,Niedersachsen
49,67407.0,96728.92,1.0,49.0,K0215,Nordrhein-Westfalen
61,72965.0,117298.71,0.0,52.0,K0216,Bayern
36,51478.0,90484.89,1.0,32.0,K0217,Bayern
70,73363.0,111223.31,0.0,54.0,K0218,Hamburg
62,72626.0,109158.35,1.0,59.0,K0219,Baden-Württemberg
69,74254.0,102553.46,1.0,63.0,K0220,Bayern
68,70277.0,130143.33,1.0,48.0,K0221,Bayern
47,55841.0,70169.26,1.0,60.0,K0222,Baden-Württemberg
69,83089.0,136022.46,1.0,42.0,K0223,Bayern
30,49623.0,65451.53,1.0,42.0,K0224,Nordrhein-Westfalen
40,50730.0,69432.02,1.0,30.0,K0225,Baden-Württemberg
57,73261.0,95081.32,0.0,52.0,K0226,Baden-Württemberg
54,70130.0,127478.45,1.0,46.0,K0227,Hessen
52,90021.0,124563.89,1.0,64.0,K0228,Thüringen
60,49925.0,84170.57,0.0,39.0,K0229,Bayern
59,61009.0,103904.6,0.0,40.0,K0230,Baden-Württemberg
64,89881.0,120551.98,0.0,55.0,K0231,Hessen
36,39697.0,60883.05,0.0,48.0,K0232,Sachsen
45,62886.0,91266.15,1.0,50.0,K0233,Nordrhein-Westfalen
55,66624.0,94540.15,1.0,36.0,K0234,Hessen
31,60920.0,92362.74,0.0,49.0,K0235,Bayern
30,24933.0,40285.18,0.0,26.0,K0236,Hamburg
41,62190.0,72016.19,1.0,46.0,K0237,Baden-Württemberg
34,60319.0,77978.88,0.0,51.0,K0238,Niedersachsen
66,65063.0,106463.24,1.0,56.0,K0239,Nordrhein-Westfalen
61,79130.0,106664.4,1.0,49.0,K0240,Thüringen
38,35214.0,50205.8,1.0,32.0,K0241,Bayern
70,80732.0,116569.27,1.0,52.0,K0242,Baden-Württemberg
64,71112.0,121577.09,1.0,55.0,K0243,Hamburg
48,30477.0,53902.36,1.0,29.0,K0244,Niedersachsen
45,57880.0,98898.93,0.0,44.0,K0245,Nordrhein-Westfalen
32,40729.0,54787.08,1.0,33.0,K0246,Baden-Württemberg
49,73660.0,107200.27,1.0,51.0,K0247,Bayern
53,68587.0,94955.06,0.0,61.0,K0248,Hamburg
62,96569.0,140745.65,0.0,80.0,K0249,Bayern
53,63121.0,82460.27,0.0,49.0,K0250,Nordrhein-Westfalen
40,46710.0,77768.25,0.0,38.0,K0251,Berlin
37,42600.0,65540.55,0.0,25.0,K0252,Nordrhein-Westfalen
65,70212.0,102160.74,1.0,45.0,K0253,Hessen
67,53207.0,90531.33,1.0,41.0,K0254,Nordrhein-Westfalen
69,76932.0,133380.54,1.0,48.0,K0255,Bayern
49,35194.0,65668.36,1.0,28.0,K0256,Nordrhein-Westfalen
64,78797.0,109839.35,1.0,65.0,K0257,Bayern
54,49596.0,68169.84,0.0,40.0,K0258,Hamburg
64,64196.0,107141.39,1.0,48.0,K0259,Bayern
54,55785.0,90085.01,1.0,38.0,K0260,Berlin
58,65162.0,106934.76,1.0,56.0,K0261,Bayern
47,55524.0,67983.37,0.0,41.0,K0262,Bayern
47,67211.0,84216.96,1.0,45.0,K0263,Thüringen
31,31826.0,61856.99,0.0,20.0,K0264,Baden-Württemberg
64,79102.0,120716.52,1.0,54.0,K0265,Nordrhein-Westfalen
45,82896.0,116749.66,1.0,53.0,K0266,Thüringen
70,84497.0,116193.41,1.0,69.0,K0267,Baden-Württemberg
65,73022.0,100337.77,0.0,64.0,K0268,Niedersachsen
62,63275.0,110109.58,1.0,38.0,K0269,Bayern
33,38152.0,68310.6,0.0,26.0,K0270,Baden-Württemberg
62,62114.0,87670.86,1.0,44.0,K0271,Berlin
43,54023.0,67446.84,1.0,36.0,K0272,Sachsen
50,59828.0,87813.11,0.0,46.0,K0273,Baden-Württemberg
49,34170.0,53806.21,0.0,30.0,K0274,Hessen
37,44398.0,57851.21,0.0,39.0,K0275,Brandenburg
36,55185.0,64034.01,0.0,50.0,K0276,Nordrhein-Westfalen
32,34846.0,48990.25,0.0,25.0,K0277,Baden-Württemberg
46,47284.0,62114.5,0.0,46.0,K0278,Niedersachsen
62,56784.0,80874.62,0.0,38.0,K0279,Niedersachsen
41,28790.0,55293.51,0.0,44.0,K0280,Niedersachsen
51,68806.0,98128.97,0.0,61.0,K0281,Sachsen
51,57821.0,93565.3,1.0,43.0,K0282,Nordrhein-Westfalen
59,76842.0,94309.74,0.0,47.0,K0283,Baden-Württemberg
67,93757.0,134096.72,1.0,54.0,K0284,Berlin
67,87141.0,147149.94,0.0,65.0,K0285,Berlin
37,38717.0,56575.12,0.0,34.0,K0286,Bayern
56,66786.0,108886.48,1.0,55.0,K0287,Berlin
56,58547.0,99077.0,0.0,60.0,K0288,Berlin
63,65128.0,111253.56,1.0,42.0,K0289,Berlin
50,62422.0,94530.65,1.0,38.0,K0290,Thüringen
59,59443.0,99016.21,0.0,46.0,K0291,Baden-Württemberg
62,47766.0,91150.03,1.0,47.0,K0292,Sachsen
57,56668.0,95820.3,0.0,37.0,K0293,Brandenburg
62,68397.0,92611.11,0.0,49.0,K0294,Hessen
34,57844.0,62302.49,1.0,54.0,K0295,Nordrhein-Westfalen
48,51210.0,64363.81,1.0,29.0,K0296,Bayern
33,45811.0,64066.66,1.0,40.0,K0297,Berlin
64,72069.0,116154.84,1.0,47.0,K0298,Berlin
46,67665.0,83620.57,0.0,50.0,K0299,Berlin
57,78848.0,122846.97,1.0,59.0,K0300,Sachsen
59,81225.0,111772.36,1.0,57.0,K0301,Nordrhein-Westfalen
58,48580.0,77722.17,1.0,32.0,K0302,Baden-Württemberg
35,44671.0,58157.49,1.0,34.0,K0303,Baden-Württemberg
64,82125.0,99958.46,0.0,66.0,K0304,Berlin
70,84543.0,128417.08,1.0,60.0,K0305,Baden-Württemberg
66,82969.0,138621.96,0.0,62.0,K0306,Hessen
53,62592.0,93932.46,1.0,48.0,K0307,Baden-Württemberg
58,59308.0,73667.3,0.0,50.0,K0308,Hamburg
60,51150.0,94420.15,1.0,38.0,K0309,Baden-Württemberg
64,66894.0,88160.31,1.0,43.0,K0310,Bayern
62,100769.0,125018.41,0.0,71.0,K0311,Niedersachsen
50,53438.0,81140.06,1.0,50.0,K0312,Brandenburg
61,49390.0,85180.08,0.0,33.0,K0313,Thüringen
52,68820.0,88926.82,0.0,45.0,K0314,Nordrhein-Westfalen
62,81002.0,115409.9,1.0,54.0,K0315,Bayern
32,53135.0,81152.36,1.0,53.0,K0316,Baden-Württemberg
47,60557.0,96808.99,0.0,49.0,K0317,Nordrhein-Westfalen
54,72215.0,117790.98,1.0,42.0,K0318,Sachsen
60,89512.0,145466.52,1.0,59.0,K0319,Nordrhein-Westfalen
32,31090.0,59413.64,1.0,29.0,K0320,Baden-Württemberg
69,69084.0,107414.81,1.0,41.0,K0321,Thüringen
53,50089.0,90472.38,1.0,39.0,K0322,Bayern
61,67757.0,107610.75,0.0,47.0,K0323,Nordrhein-Westfalen
51,75335.0,110590.22,0.0,50.0,K0324,Sachsen
52,66602.0,98756.07,nan,45.0,K0325,Bayern
31,43389.0,52734.87,0.0,47.0,K0326,Sachsen
56,45484.0,68018.6,1.0,35.0,K0327,Bayern
31,30572.0,47857.93,0.0,31.0,K0328,Thüringen
55,44222.0,78218.77,1.0,37.0,K0329,Bayern
46,67067.0,88579.71,1.0,45.0,K0330,Thüringen
69,96516.0,142208.17,1.0,64.0,K0331,Baden-Württemberg
62,80179.0,138650.02,1.0,56.0,K0332,Niedersachsen
38,34983.0,39236.62,0.0,33.0,K0333,Hamburg
68,94307.0,139799.0,0.0,56.0,K0334,Berlin
58,64638.0,98621.47,1.0,46.0,K0335,Bayern
55,50959.0,88240.21,1.0,46.0,K0336,Niedersachsen
64,63436.0,95562.13,0.0,45.0,K0337,Baden-Württemberg
54,58380.0,89265.3,1.0,45.0,K0338,Hessen
53,62497.0,95797.57,1.0,47.0,K0339,Bayern
42,48275.0,70990.88,1.0,42.0,K0340,Thüringen
36,28194.0,33483.78,0.0,33.0,K0341,Baden-Württemberg
65,88138.0,123538.59,0.0,58.0,K0342,Baden-Württemberg
49,55986.0,71207.17,1.0,37.0,K0343,Bayern
30,29264.0,54886.03,1.0,21.0,K0344,Berlin
37,56641.0,59783.06,0.0,50.0,K0345,Bayern
45,40446.0,76851.18,0.0,41.0,K0346,Brandenburg
43,33444.0,63707.22,1.0,36.0,K0347,Nordrhein-Westfalen
41,62740.0,91641.0,0.0,52.0,K0348,Niedersachsen
52,81387.0,91299.91,1.0,55.0,K0349,Hessen
44,47183.0,70636.85,1.0,34.0,K0350,Baden-Württemberg
57,65801.0,110519.86,0.0,41.0,K0351,Niedersachsen
63,60374.0,92221.35,1.0,38.0,K0352,Baden-Württemberg
31,38149.0,46875.9,1.0,43.0,K0353,Nordrhein-Westfalen
61,65481.0,95229.38,1.0,44.0,K0354,Bayern
52,59767.0,90442.28,1.0,52.0,K0355,Berlin
51,64228.0,85280.73,0.0,46.0,K0356,Bayern
54,51135.0,95898.4,1.0,36.0,K0357,Nordrhein-Westfalen
51,55866.0,84704.04,0.0,35.0,K0358,Baden-Württemberg
51,40228.0,64816.33,1.0,31.0,K0359,Hessen
35,38580.0,47131.37,1.0,44.0,K0360,Baden-Württemberg
44,51181.0,83060.06,1.0,33.0,K0361,Niedersachsen
66,78548.0,121289.35,0.0,69.0,K0362,Sachsen
62,74323.0,103270.9,1.0,46.0,K0363,Berlin
37,54403.0,53690.36,0.0,47.0,K0364,Brandenburg
34,24647.0,49746.45,1.0,26.0,K0365,Sachsen
68,62116.0,98786.45,0.0,44.0,K0366,Hamburg
33,45996.0,70449.86,1.0,29.0,K0367,Brandenburg
35,20317.0,60372.24,0.0,24.0,K0368,Hessen
61,72628.0,107586.29,0.0,43.0,K0369,Niedersachsen
59,55669.0,84097.56,0.0,31.0,K0370,Baden-Württemberg
64,90952.0,116583.47,0.0,61.0,K0371,Nordrhein-Westfalen
69,82036.0,118543.95,0.0,52.0,K0372,Berlin
45,50903.0,79988.48,1.0,52.0,K0373,Baden-Württemberg
42,63339.0,90132.53,1.0,54.0,K0374,Nordrhein-Westfalen
59,56937.0,109491.66,1.0,55.0,K0375,Berlin
48,47062.0,79825.38,0.0,34.0,K0376,Baden-Württemberg
46,40684.0,66968.71,1.0,36.0,K0377,Niedersachsen
48,47153.0,67603.44,0.0,20.0,K0378,Sachsen
57,66962.0,103890.1,1.0,47.0,K0379,Sachsen
55,69487.0,93455.52,1.0,50.0,K0380,Thüringen
66,86491.0,127825.69,1.0,59.0,K0381,Nordrhein-Westfalen
55,44341.0,80565.16,0.0,37.0,K0382,Baden-Württemberg
52,59011.0,88150.0,1.0,45.0,K0383,Berlin
38,33666.0,50494.07,1.0,13.0,K0384,Nordrhein-Westfalen
41,46713.0,49617.32,1.0,40.0,K0385,Bayern
30,62318.0,93943.58,1.0,50.0,K0386,Hessen
30,40170.0,63566.56,1.0,44.0,K0387,Hessen
63,82564.0,124742.75,1.0,59.0,K0388,Bayern
61,91903.0,111764.41,0.0,60.0,K0389,Sachsen
54,75271.0,122250.09,1.0,60.0,K0390,Brandenburg
69,74462.0,110415.92,1.0,36.0,K0391,Berlin
30,23168.0,38984.74,1.0,23.0,K0392,Thüringen
45,52953.0,69536.92,1.0,36.0,K0393,Brandenburg
68,72078.0,93935.85,1.0,51.0,K0394,Baden-Württemberg
34,24811.0,57541.73,1.0,12.0,K0395,Hamburg
51,62402.0,106473.29,1.0,55.0,K0396,Nordrhein-Westfalen
58,70268.0,103403.43,1.0,48.0,K0397,Nordrhein-Westfalen
32,58361.0,71055.84,0.0,46.0,K0398,Nordrhein-Westfalen
41,45016.0,65106.71,0.0,39.0,K0399,Niedersachsen
55,67168.0,95526.72,0.0,57.0,K0400,Bayern
45,46062.0,61105.39,1.0,25.0,K0401,Nordrhein-Westfalen
66,85534.0,122017.62,1.0,59.0,K0402,Sachsen
51,58438.0,90811.71,1.0,52.0,K0403,Baden-Württemberg
58,54668.0,99426.78,1.0,42.0,K0404,Baden-Württemberg
43,50963.0,76275.31,0.0,34.0,K0405,Thüringen
57,70535.0,88743.79,1.0,46.0,K0406,Nordrhein-Westfalen
34,44113.0,69211.99,1.0,34.0,K0407,Sachsen
59,79812.0,112833.38,1.0,50.0,K0408,Sachsen
34,25640.0,59338.04,0.0,27.0,K0409,Hamburg
41,39800.0,79421.65,1.0,45.0,K0410,Niedersachsen
45,60218.0,102902.04,1.0,41.0,K0411,Hamburg
55,56264.0,83364.29,1.0,40.0,K0412,Baden-Württemberg
55,66738.0,120215.5,1.0,52.0,K0413,Nordrhein-Westfalen
50,32462.0,65554.28,1.0,30.0,K0414,Brandenburg
68,107689.0,165482.31,1.0,60.0,K0415,Niedersachsen
65,72055.0,105462.29,1.0,51.0,K0416,Brandenburg
62,84673.0,118973.65,1.0,57.0,K0417,Brandenburg
59,64816.0,102801.02,1.0,54.0,K0418,Baden-Württemberg
66,80562.0,121433.27,1.0,48.0,K0419,Bayern
52,77055.0,121764.28,1.0,60.0,K0420,Baden-Württemberg
39,59413.0,80369.74,0.0,44.0,K0421,Baden-Württemberg
34,39127.0,71127.46,0.0,27.0,K0422,Thüringen
65,73513.0,119578.06,1.0,43.0,K0423,Baden-Württemberg
63,83693.0,119357.7,1.0,70.0,K0424,Bayern
60,94859.0,138156.74,1.0,61.0,K0425,Hessen
39,48855.0,68265.8,1.0,46.0,K0426,Hessen
48,77759.0,130352.49,0.0,42.0,K0427,Baden-Württemberg
61,68022.0,77134.04,1.0,67.0,K0428,Nordrhein-Westfalen
30,47328.0,72459.7,0.0,45.0,K0429,Nordrhein-Westfalen
34,53286.0,57023.34,1.0,40.0,K0430,Bayern
33,35813.0,54223.32,1.0,31.0,K0431,Bayern
45,45178.0,70342.95,0.0,43.0,K0432,Sachsen
53,74381.0,120881.72,0.0,57.0,K0433,Nordrhein-Westfalen
45,47515.0,66554.21,0.0,40.0,K0434,Niedersachsen
31,28390.0,59963.88,0.0,29.0,K0435,Baden-Württemberg
57,58882.0,80802.02,1.0,48.0,K0436,Berlin
61,64831.0,113585.7,0.0,35.0,K0437,Hessen
56,74505.0,103566.8,1.0,50.0,K0438,Baden-Württemberg
49,63205.0,92627.74,0.0,35.0,K0439,Berlin
53,69721.0,98479.34,1.0,54.0,K0440,Hessen
41,53509.0,90805.35,0.0,37.0,K0441,Bayern
64,67455.0,116446.72,1.0,38.0,K0442,Nordrhein-Westfalen
62,79285.0,121004.55,1.0,49.0,K0443,Nordrhein-Westfalen
62,84548.0,110128.73,1.0,58.0,K0444,Bayern
66,82404.0,113241.16,0.0,55.0,K0445,Nordrhein-Westfalen
41,53816.0,68749.31,1.0,34.0,K0446,Baden-Württemberg
32,30856.0,27934.83,1.0,18.0,K0447,Nordrhein-Westfalen
30,39302.0,71437.17,1.0,35.0,K0448,Baden-Württemberg
62,62829.0,96175.78,1.0,42.0,K0449,Baden-Württemberg
69,79059.0,115211.31,0.0,53.0,K0450,Niedersachsen
39,28981.0,67912.67,1.0,28.0,K0451,Berlin
58,49680.0,77792.44,0.0,43.0,K0452,Sachsen
42,47953.0,65155.0,1.0,45.0,K0453,Bayern
41,42992.0,65811.72,1.0,38.0,K0454,Bayern
60,70713.0,93794.62,0.0,48.0,K0455,Brandenburg
31,36628.0,58605.27,0.0,33.0,K0456,Berlin
64,74222.0,108488.51,1.0,50.0,K0457,Bayern
52,67475.0,93897.2,1.0,37.0,K0458,Niedersachsen
46,49340.0,69960.66,0.0,47.0,K0459,Nordrhein-Westfalen
55,61750.0,93666.44,1.0,52.0,K0460,Nordrhein-Westfalen
37,60379.0,83542.5,0.0,59.0,K0461,Thüringen
58,67418.0,95613.26,0.0,65.0,K0462,Bayern
55,62186.0,90301.78,0.0,38.0,K0463,Niedersachsen
39,47664.0,71040.72,1.0,36.0,K0464,Berlin
55,62380.0,92302.99,0.0,64.0,K0465,Niedersachsen
63,65114.0,102718.58,1.0,47.0,K0466,Berlin
70,69581.0,103751.58,1.0,51.0,K0467,Thüringen
36,35235.0,67764.25,1.0,22.0,K0468,Nordrhein-Westfalen
33,49726.0,71847.89,1.0,41.0,K0469,Thüringen
40,41023.0,59175.54,0.0,49.0,K0470,Nordrhein-Westfalen
58,65705.0,102678.3,0.0,57.0,K0471,Sachsen
65,82579.0,119442.59,0.0,52.0,K0472,Nordrhein-Westfalen
54,60025.0,74740.62,1.0,42.0,K0473,Berlin
50,65573.0,99556.57,1.0,40.0,K0474,Bayern
65,58270.0,85983.74,1.0,38.0,K0475,Berlin
39,45332.0,77782.69,0.0,24.0,K0476,Baden-Württemberg
66,76920.0,113661.11,1.0,53.0,K0477,Hamburg
38,45935.0,76303.93,0.0,49.0,K0478,Brandenburg
53,44034.0,69020.15,1.0,40.0,K0479,Hamburg
64,86943.0,126122.42,1.0,68.0,K0480,Thüringen
64,64626.0,113550.22,0.0,55.0,K0481,Sachsen
65,78613.0,114603.28,1.0,50.0,K0482,Baden-Württemberg
47,55536.0,76897.16,0.0,37.0,K0483,Bayern
68,89120.0,135200.0,0.0,55.0,K0484,Berlin
61,94363.0,137974.71,1.0,50.0,K0485,Bayern
53,47966.0,73902.32,1.0,39.0,K0486,Nordrhein-Westfalen
52,53837.0,64750.35,1.0,22.0,K0487,Hamburg
61,72690.0,101692.85,0.0,55.0,K0488,Hessen
66,64077.0,109821.52,1.0,48.0,K0489,Nordrhein-Westfalen
41,57422.0,75053.42,1.0,47.0,K0490,Nordrhein-Westfalen
42,59171.0,85183.22,1.0,52.0,K0491,Baden-Württemberg
52,66942.0,90579.78,0.0,50.0,K0492,Niedersachsen
54,65610.0,78467.12,1.0,59.0,K0493,Berlin
100,88749.0,119134.23,0.0,64.0,K0494,Bayern
70,67872.0,114545.55,0.0,44.0,K0495,Baden-Württemberg
59,69178.0,80282.57,1.0,48.0,K0496,Brandenburg
46,46352.0,76759.63,1.0,22.0,K0497,Bayern
49,67271.0,83949.89,0.0,42.0,K0498,Bayern
54,43162.0,81298.0,1.0,34.0,K0499,Niedersachsen
51,59485.0,96388.95,0.0,49.0,K0500,Nordrhein-Westfalen
42,53660.0,77862.18,1.0,37.0,K0501,Bayern
48,46259.0,73400.97,1.0,29.0,K0502,Baden-Württemberg
65,68189.0,97143.57,0.0,36.0,K0503,Nordrhein-Westfalen
41,49106.0,60659.78,1.0,35.0,K0504,Baden-Württemberg
70,90763.0,149827.25,1.0,74.0,K0505,Sachsen
48,45333.0,65343.65,1.0,40.0,K0506,Hessen
41,39630.0,80659.67,1.0,41.0,K0507,Bayern
38,57891.0,73104.4,1.0,38.0,K0508,Bayern
36,40554.0,68345.72,1.0,24.0,K0509,Baden-Württemberg
57,57867.0,78941.48,0.0,35.0,K0510,Bayern
43,59012.0,91000.76,1.0,44.0,K0511,Baden-Württemberg
60,64260.0,95392.37,0.0,33.0,K0512,Hessen
48,67677.0,94002.32,1.0,42.0,K0513,Baden-Württemberg
45,46082.0,78379.94,0.0,34.0,K0514,Hamburg
34,39614.0,56174.25,1.0,26.0,K0515,Hessen
64,84143.0,106701.56,0.0,42.0,K0516,Bayern
41,46486.0,79483.05,1.0,40.0,K0517,Baden-Württemberg
54,71244.0,92301.85,1.0,51.0,K0518,Baden-Württemberg
50,57994.0,93543.59,1.0,49.0,K0519,Baden-Württemberg
65,96471.0,145684.18,1.0,55.0,K0520,Nordrhein-Westfalen
52,77888.0,105968.69,1.0,59.0,K0521,Bayern
45,38876.0,78038.11,1.0,45.0,K0522,Nordrhein-Westfalen
68,83899.0,128052.56,0.0,59.0,K0523,Berlin
68,69381.0,102303.37,1.0,45.0,K0524,Berlin
43,53186.0,93969.09,1.0,43.0,K0525,Hamburg
60,70296.0,94507.15,1.0,46.0,K0526,Niedersachsen
34,29899.0,45878.08,0.0,24.0,K0527,Bayern
64,85374.0,121684.52,1.0,62.0,K0528,Baden-Württemberg
52,63079.0,100733.46,1.0,46.0,K0529,Hessen
58,64297.0,110338.33,1.0,56.0,K0530,Bayern
40,43103.0,77219.0,0.0,33.0,K0531,Berlin
47,56965.0,86689.81,0.0,41.0,K0532,Niedersachsen
41,53363.0,75926.68,1.0,38.0,K0533,Brandenburg
38,44329.0,48028.91,0.0,29.0,K0534,Hessen
39,16051.0,24654.09,0.0,29.0,K0535,Hamburg
46,54548.0,100672.01,1.0,58.0,K0536,Nordrhein-Westfalen
67,61517.0,80799.11,0.0,43.0,K0537,Niedersachsen
36,41243.0,55677.0,1.0,31.0,K0538,Hamburg
42,34792.0,71876.74,1.0,27.0,K0539,Niedersachsen
69,63958.0,106491.22,1.0,42.0,K0540,Nordrhein-Westfalen
38,59079.0,92587.82,1.0,56.0,K0541,Berlin
56,61743.0,100812.37,1.0,41.0,K0542,Berlin
31,33788.0,67174.26,0.0,28.0,K0543,Nordrhein-Westfalen
34,46577.0,71156.2,1.0,30.0,K0544,Hessen
58,63366.0,104762.36,1.0,49.0,K0545,Baden-Württemberg
66,98881.0,131352.24,1.0,64.0,K0546,Sachsen
67,74189.0,118596.14,0.0,44.0,K0547,Baden-Württemberg
48,60494.0,85749.76,1.0,39.0,K0548,Nordrhein-Westfalen
37,55129.0,73887.77,1.0,53.0,K0549,Nordrhein-Westfalen
30,54381.0,83223.78,1.0,42.0,K0550,Thüringen
51,51743.0,91562.01,1.0,42.0,K0551,Baden-Württemberg
46,49832.0,93781.58,0.0,41.0,K0552,Hessen
36,57337.0,95615.03,0.0,53.0,K0553,Berlin
54,71830.0,113981.18,1.0,44.0,K0554,Bayern
33,51920.0,54310.26,0.0,38.0,K0555,Baden-Württemberg
65,60136.0,116989.74,1.0,44.0,K0556,Hessen
35,59218.0,89824.77,0.0,33.0,K0557,Berlin
60,61297.0,89077.09,1.0,39.0,K0558,Baden-Württemberg
48,58620.0,95311.77,1.0,52.0,K0559,Hessen
68,76627.0,106279.31,1.0,59.0,K0560,Nordrhein-Westfalen
56,55688.0,94116.03,0.0,49.0,K0561,Nordrhein-Westfalen
39,31451.0,41728.39,1.0,27.0,K0562,Sachsen
55,45218.0,69467.58,1.0,34.0,K0563,Berlin
48,57825.0,94299.04,1.0,31.0,K0564,Thüringen
68,61693.0,111218.49,0.0,52.0,K0565,Nordrhein-Westfalen
32,26878.0,50126.6,1.0,36.0,K0566,Bayern
42,47660.0,69281.41,0.0,46.0,K0567,Baden-Württemberg
57,37682.0,48170.28,0.0,45.0,K0568,Berlin
49,66068.0,93925.34,1.0,51.0,K0569,Berlin
57,40164.0,77779.65,0.0,46.0,K0570,Hessen
37,43760.0,63570.42,1.0,35.0,K0571,Hessen
70,80568.0,120515.75,0.0,43.0,K0572,Nordrhein-Westfalen
68,84070.0,122645.18,1.0,63.0,K0573,Brandenburg
30,36552.0,51200.08,0.0,21.0,K0574,Baden-Württemberg
32,61059.0,81549.78,0.0,47.0,K0575,Nordrhein-Westfalen
42,52370.0,74270.35,0.0,48.0,K0576,Bayern
57,77726.0,125762.16,0.0,56.0,K0577,Thüringen
54,55199.0,64942.31,1.0,59.0,K0578,Baden-Württemberg
62,73034.0,104459.86,1.0,38.0,K0579,Thüringen
67,93933.0,124053.4,0.0,61.0,K0580,Baden-Württemberg
35,39852.0,63972.97,1.0,35.0,K0581,Bayern
61,72725.0,109982.32,1.0,42.0,K0582,Baden-Württemberg
50,69342.0,115292.51,0.0,42.0,K0583,Niedersachsen
45,45230.0,91201.91,0.0,32.0,K0584,Nordrhein-Westfalen
50,35262.0,55722.36,0.0,25.0,K0585,Berlin
40,50626.0,75452.53,1.0,40.0,K0586,Sachsen
66,86787.0,127064.84,0.0,54.0,K0587,Hessen
65,60323.0,90362.92,1.0,47.0,K0588,Niedersachsen
64,81163.0,124639.62,0.0,60.0,K0589,Nordrhein-Westfalen
48,63876.0,90833.08,1.0,51.0,K0590,Bayern
49,32964.0,49823.49,0.0,29.0,K0591,Bayern
47,45296.0,69529.36,0.0,40.0,K0592,Sachsen
70,76112.0,107199.46,1.0,60.0,K0593,Sachsen
43,49162.0,84864.12,0.0,43.0,K0594,Thüringen
44,44135.0,90278.48,1.0,50.0,K0595,Sachsen
60,60911.0,97769.6,0.0,52.0,K0596,Baden-Württemberg
30,55132.0,74760.4,0.0,55.0,K0597,Nordrhein-Westfalen
32,38008.0,59823.29,1.0,17.0,K0598,Berlin
45,45742.0,83874.88,0.0,39.0,K0599,Thüringen
52,60428.0,102443.11,0.0,43.0,K0600,Berlin
40,53679.0,77410.61,1.0,41.0,K0601,Berlin
41,49499.0,77389.91,1.0,34.0,K0602,Hamburg
39,44538.0,74086.48,0.0,40.0,K0603,Bayern
61,63590.0,86929.76,0.0,34.0,K0604,Baden-Württemberg
45,46099.0,84552.86,0.0,41.0,K0605,Sachsen
37,38116.0,77480.16,0.0,29.0,K0606,Nordrhein-Westfalen
67,80824.0,132575.6,1.0,52.0,K0607,Baden-Württemberg
41,38158.0,49170.73,0.0,37.0,K0608,Nordrhein-Westfalen
53,66225.0,78191.01,1.0,49.0,K0609,Hessen
57,81624.0,123507.46,1.0,63.0,K0610,Berlin
37,48132.0,63544.0,1.0,32.0,K0611,Bayern
57,62292.0,99289.0,1.0,46.0,K0612,Nordrhein-Westfalen
65,60902.0,114790.5,1.0,52.0,K0613,Niedersachsen
55,81244.0,108119.52,1.0,58.0,K0614,Hamburg
37,31911.0,49510.98,0.0,34.0,K0615,Hessen
57,75502.0,112788.96,1.0,61.0,K0616,Baden-Württemberg
57,73224.0,94361.83,1.0,49.0,K0617,Berlin
66,73497.0,104863.39,1.0,47.0,K0618,Baden-Württemberg
70,77553.0,119128.85,1.0,58.0,K0619,Bayern
65,55071.0,90033.88,1.0,41.0,K0620,Niedersachsen
56,68794.0,108744.79,1.0,57.0,K0621,Sachsen
46,61088.0,117616.31,1.0,48.0,K0622,Berlin
38,33873.0,56924.35,0.0,28.0,K0623,Bayern
62,70035.0,98348.59,1.0,52.0,K0624,Niedersachsen
49,58030.0,102268.68,1.0,38.0,K0625,Nordrhein-Westfalen
42,56364.0,66173.96,1.0,50.0,K0626,Nordrhein-Westfalen
57,66341.0,85104.71,0.0,38.0,K0627,Nordrhein-Westfalen
58,49747.0,77878.69,1.0,48.0,K0628,Hamburg
42,44277.0,67064.45,1.0,39.0,K0629,Nordrhein-Westfalen
64,76331.0,108153.91,1.0,52.0,K0630,Baden-Württemberg
35,51556.0,73467.98,1.0,46.0,K0631,Bayern
47,48751.0,79984.29,1.0,43.0,K0632,Berlin
34,65070.0,98105.63,1.0,57.0,K0633,Hamburg
54,42499.0,75331.36,1.0,45.0,K0634,Sachsen
31,31976.0,45789.83,1.0,33.0,K0635,Nordrhein-Westfalen
39,45869.0,80389.23,1.0,32.0,K0636,Baden-Württemberg
59,66293.0,91936.18,0.0,44.0,K0637,Baden-Württemberg
34,27982.0,31074.53,0.0,28.0,K0638,Bayern
62,76582.0,124774.93,0.0,61.0,K0639,Bayern
30,41029.0,70761.65,0.0,32.0,K0640,Hessen
47,55970.0,76520.05,1.0,40.0,K0641,Sachsen
61,74239.0,106676.91,1.0,65.0,K0642,Thüringen
40,43259.0,58493.0,1.0,36.0,K0643,Niedersachsen
50,41164.0,74268.93,1.0,31.0,K0644,Nordrhein-Westfalen
55,56358.0,105656.62,0.0,49.0,K0645,Hamburg
54,64748.0,104496.28,1.0,47.0,K0646,Bayern
51,61555.0,101804.21,0.0,36.0,K0647,Hamburg
56,65663.0,107678.5,1.0,55.0,K0648,Hessen
42,55975.0,80767.86,0.0,38.0,K0649,Nordrhein-Westfalen
62,65422.0,113261.61,1.0,48.0,K0650,Bayern
63,73099.0,118236.17,1.0,51.0,K0651,Bayern
70,86609.0,142906.55,1.0,60.0,K0652,Bayern
64,72974.0,106325.73,1.0,36.0,K0653,Thüringen
30,23521.0,24543.56,1.0,24.0,K0654,Berlin
50,48277.0,88936.09,1.0,47.0,K0655,Nordrhein-Westfalen
35,51440.0,76009.29,0.0,50.0,K0656,Nordrhein-Westfalen
57,81401.0,113014.09,1.0,49.0,K0657,Bayern
46,67111.0,93112.35,1.0,55.0,K0658,Hessen
34,43862.0,91438.09,1.0,32.0,K0659,Sachsen
60,56507.0,84172.64,0.0,41.0,K0660,Berlin
34,41276.0,53961.89,1.0,33.0,K0661,Sachsen
67,94092.0,135212.01,1.0,63.0,K0662,Bayern
32,45882.0,78435.1,1.0,45.0,K0663,Baden-Württemberg
52,58625.0,113237.35,1.0,46.0,K0664,Sachsen
66,82882.0,127752.43,0.0,56.0,K0665,Nordrhein-Westfalen
66,62298.0,88092.7,1.0,53.0,K0666,Thüringen
39,39225.0,83313.68,1.0,29.0,K0667,Niedersachsen
39,35011.0,57408.01,0.0,32.0,K0668,Sachsen
48,61627.0,82405.97,1.0,53.0,K0669,Nordrhein-Westfalen
46,62109.0,79387.46,1.0,50.0,K0670,Nordrhein-Westfalen
50,57036.0,95823.72,1.0,40.0,K0671,Hessen
43,41643.0,68969.85,0.0,25.0,K0672,Berlin
38,45470.0,72615.51,1.0,40.0,K0673,Sachsen
30,31727.0,62658.18,0.0,20.0,K0674,Berlin
42,41390.0,58786.52,1.0,34.0,K0675,Hamburg
33,43936.0,78850.36,1.0,45.0,K0676,Berlin
30,28784.0,42416.07,1.0,34.0,K0677,Berlin
69,62333.0,123546.58,0.0,32.0,K0678,Berlin
61,56063.0,98148.54,1.0,44.0,K0679,Berlin
63,55422.0,81784.14,0.0,40.0,K0680,Sachsen
57,68984.0,81325.05,0.0,41.0,K0681,Berlin
60,71186.0,115349.19,1.0,53.0,K0682,Hessen
37,45690.0,64971.82,1.0,34.0,K0683,Baden-Württemberg
68,84609.0,123507.33,1.0,54.0,K0684,Baden-Württemberg
55,77056.0,118343.37,1.0,54.0,K0685,Bayern
63,66387.0,112799.7,0.0,44.0,K0686,Niedersachsen
32,43583.0,75274.62,0.0,37.0,K0687,Baden-Württemberg
41,31809.0,44588.0,1.0,27.0,K0688,Sachsen
30,51957.0,86152.97,1.0,37.0,K0689,Bayern
34,27844.0,41694.48,0.0,36.0,K0690,Bayern
59,60769.0,72785.83,1.0,53.0,K0691,Baden-Württemberg
59,61988.0,83817.23,0.0,34.0,K0692,Baden-Württemberg
46,37812.0,67614.67,1.0,39.0,K0693,Nordrhein-Westfalen
52,61228.0,81411.98,0.0,55.0,K0694,Nordrhein-Westfalen
44,54514.0,80645.05,1.0,53.0,K0695,Hessen
66,74011.0,116589.56,1.0,56.0,K0696,Baden-Württemberg
50,42001.0,69941.72,1.0,29.0,K0697,Bayern
43,72619.0,94619.66,1.0,56.0,K0698,Berlin
31,44046.0,51186.35,1.0,31.0,K0699,Thüringen
40,76423.0,101008.49,0.0,51.0,K0700,Bayern
68,1000000000.0,87209.72,0.0,52.0,K0701,Nordrhein-Westfalen
67,87538.0,120582.75,1.0,53.0,K0702,Berlin
63,81261.0,109555.23,1.0,48.0,K0703,Bayern
67,73998.0,111198.78,1.0,55.0,K0704,Berlin
63,88113.0,123910.94,1.0,72.0,K0705,Baden-Württemberg
47,51053.0,89354.82,1.0,49.0,K0706,Nordrhein-Westfalen
59,64556.0,115909.26,1.0,52.0,K0707,Bayern
44,14547.0,28960.3,1.0,29.0,K0708,Nordrhein-Westfalen
56,69651.0,123769.4,1.0,54.0,K0709,Baden-Württemberg
63,58435.0,87561.26,1.0,47.0,K0710,Thüringen
67,71177.0,112500.75,1.0,57.0,K0711,Baden-Württemberg
62,60595.0,101207.94,0.0,36.0,K0712,Sachsen
53,57988.0,114801.87,1.0,45.0,K0713,Nordrhein-Westfalen
44,57008.0,77339.83,0.0,43.0,K0714,Thüringen
59,68591.0,85536.41,1.0,50.0,K0715,Berlin
46,62061.0,105588.24,1.0,43.0,K0716,Nordrhein-Westfalen
34,55070.0,67139.29,0.0,46.0,K0717,Berlin
58,63385.0,93077.19,0.0,41.0,K0718,Baden-Württemberg
33,35069.0,43110.27,0.0,29.0,K0719,Berlin
39,57156.0,77986.08,1.0,39.0,K0720,Baden-Württemberg
46,65611.0,85435.92,1.0,54.0,K0721,Thüringen
39,54801.0,84900.44,0.0,42.0,K0722,Baden-Württemberg
46,44038.0,72625.61,1.0,34.0,K0723,Hessen
49,62203.0,85122.57,1.0,43.0,K0724,Hessen
53,63147.0,105317.06,1.0,47.0,K0725,Hamburg
34,52759.0,77110.67,1.0,53.0,K0726,Niedersachsen
63,66597.0,83837.24,0.0,40.0,K0727,Baden-Württemberg
35,24355.0,55167.61,1.0,32.0,K0728,Hessen
31,45575.0,67425.51,1.0,41.0,K0729,Bayern
42,22279.0,61502.53,1.0,20.0,K0730,Sachsen
40,39921.0,65687.09,1.0,45.0,K0731,Nordrhein-Westfalen
52,49778.0,72763.75,1.0,44.0,K0732,Thüringen
45,42110.0,67204.52,1.0,33.0,K0733,Baden-Württemberg
60,61431.0,105250.41,1.0,33.0,K0734,Bayern
40,61057.0,77084.28,0.0,47.0,K0735,Baden-Württemberg
45,62178.0,85463.8,1.0,46.0,K0736,Baden-Württemberg
37,41869.0,62593.9,1.0,29.0,K0737,Bayern
33,52554.0,60796.8,0.0,34.0,K0738,Niedersachsen
69,67799.0,99345.38,0.0,55.0,K0739,Bayern
33,27264.0,49485.54,1.0,15.0,K0740,Brandenburg
54,72410.0,117491.52,1.0,53.0,K0741,Sachsen
32,45461.0,69182.41,1.0,36.0,K0742,Niedersachsen
61,65648.0,100202.5,0.0,51.0,K0743,Berlin
32,26860.0,37058.29,0.0,26.0,K0744,Berlin
56,81045.0,125101.5,0.0,58.0,K0745,Berlin
58,48730.0,87338.42,1.0,34.0,K0746,Baden-Württemberg
61,64150.0,91908.79,0.0,47.0,K0747,Niedersachsen
48,59014.0,97451.48,1.0,48.0,K0748,Bayern
50,78249.0,114846.09,1.0,55.0,K0749,Nordrhein-Westfalen
34,45499.0,58717.86,1.0,40.0,K0750,Nordrhein-Westfalen
47,60658.0,87172.44,0.0,39.0,K0751,Hessen
57,60125.0,89090.25,1.0,41.0,K0752,Bayern
51,65955.0,122657.88,0.0,44.0,K0753,Bayern
50,59847.0,95607.73,1.0,43.0,K0754,Nordrhein-Westfalen
35,25203.0,48554.06,1.0,37.0,K0755,Brandenburg
30,45604.0,69872.12,1.0,35.0,K0756,Bayern
34,51868.0,87676.29,1.0,33.0,K0757,Baden-Württemberg
70,89117.0,128700.13,0.0,63.0,K0758,Baden-Württemberg
41,49301.0,68579.84,1.0,49.0,K0759,Nordrhein-Westfalen
55,53760.0,93912.15,0.0,33.0,K0760,Bayern
63,47767.0,81512.67,0.0,53.0,K0761,Hamburg
43,52813.0,67106.32,0.0,44.0,K0762,Berlin
55,75863.0,96369.11,1.0,60.0,K0763,Hessen
56,76011.0,125585.18,1.0,63.0,K0764,Nordrhein-Westfalen
38,54535.0,79772.26,1.0,49.0,K0765,Nordrhein-Westfalen
55,63325.0,89117.31,0.0,46.0,K0766,Berlin
51,71583.0,99159.39,0.0,59.0,K0767,Baden-Württemberg
59,78492.0,122336.16,1.0,56.0,K0768,Berlin
46,49781.0,73484.48,0.0,48.0,K0769,Hessen
55,71467.0,89954.18,1.0,59.0,K0770,Hessen
65,69167.0,110950.37,1.0,42.0,K0771,Niedersachsen
30,42861.0,74561.85,1.0,42.0,K0772,Baden-Württemberg
37,30511.0,63585.76,0.0,29.0,K0773,Niedersachsen
64,60640.0,92602.45,1.0,46.0,K0774,Baden-Württemberg
44,63671.0,102706.73,0.0,48.0,K0775,Nordrhein-Westfalen
51,69957.0,102053.63,0.0,51.0,K0776,Bayern
43,57981.0,96036.67,0.0,55.0,K0777,Niedersachsen
55,65084.0,104045.73,1.0,38.0,K0778,Baden-Württemberg
57,40366.0,58229.04,1.0,23.0,K0779,Berlin
52,60063.0,109287.55,1.0,31.0,K0780,Niedersachsen
43,56035.0,83116.94,1.0,51.0,K0781,Bayern
53,56160.0,93839.56,1.0,38.0,K0782,Nordrhein-Westfalen
31,30362.0,34904.28,0.0,31.0,K0783,Niedersachsen
55,79794.0,118498.73,1.0,54.0,K0784,Hessen
43,50456.0,88108.0,1.0,34.0,K0785,Bayern
36,48447.0,90879.99,1.0,45.0,K0786,Brandenburg
32,47570.0,82420.11,1.0,38.0,K0787,Hessen
52,50014.0,86755.55,1.0,38.0,K0788,Berlin
47,57545.0,70459.81,1.0,45.0,K0789,Niedersachsen
67,91461.0,131748.07,nan,66.0,K0790,Berlin
64,93624.0,126237.04,1.0,55.0,K0791,Bayern
44,52628.0,80768.14,0.0,47.0,K0792,Bayern
54,60464.0,79245.06,0.0,55.0,K0793,Baden-Württemberg
66,78982.0,116107.59,1.0,45.0,K0794,Bayern
57,68942.0,96688.41,0.0,51.0,K0795,Nordrhein-Westfalen
39,61809.0,80843.31,1.0,44.0,K0796,Nordrhein-Westfalen
68,67429.0,100668.95,0.0,54.0,K0797,Bayern
46,51329.0,77922.3,1.0,32.0,K0798,Thüringen
68,66119.0,107741.21,0.0,59.0,K0799,Brandenburg
51,48813.0,52577.91,0.0,28.0,K0800,Sachsen
55,68214.0,75900.15,0.0,47.0,K0801,Niedersachsen
54,71828.0,99915.01,0.0,54.0,K0802,Nordrhein-Westfalen
46,47322.0,73162.63,1.0,34.0,K0803,Baden-Württemberg
42,58398.0,86430.54,1.0,38.0,K0804,Bayern
49,69675.0,92342.53,1.0,51.0,K0805,Baden-Württemberg
54,84027.0,117270.4,1.0,58.0,K0806,Niedersachsen
33,41016.0,61945.93,0.0,36.0,K0807,Bayern
39,39831.0,56301.97,1.0,41.0,K0808,Nordrhein-Westfalen
32,28303.0,57388.47,0.0,26.0,K0809,Bayern
70,68456.0,111312.94,1.0,51.0,K0810,Nordrhein-Westfalen
47,69003.0,102390.57,0.0,46.0,K0811,Baden-Württemberg
65,58549.0,97388.62,1.0,38.0,K0812,Baden-Württemberg
51,72996.0,124497.54,0.0,50.0,K0813,Bayern
63,63391.0,105484.64,0.0,43.0,K0814,Berlin
37,37168.0,55031.56,1.0,30.0,K0815,Bayern
69,77676.0,126864.71,1.0,62.0,K0816,Nordrhein-Westfalen
48,48903.0,59895.32,0.0,38.0,K0817,Baden-Württemberg
70,90512.0,133444.42,1.0,56.0,K0818,Bayern
66,95730.0,138765.11,1.0,63.0,K0819,Nordrhein-Westfalen
35,35300.0,58384.57,1.0,33.0,K0820,Baden-Württemberg
55,59442.0,88964.7,1.0,36.0,K0821,Sachsen
63,71039.0,98163.51,1.0,48.0,K0822,Thüringen
35,48297.0,62369.93,1.0,37.0,K0823,Baden-Württemberg
66,74400.0,114577.68,1.0,51.0,K0824,Bayern
62,86770.0,112809.13,1.0,63.0,K0825,Berlin
51,72225.0,120296.65,0.0,52.0,K0826,Nordrhein-Westfalen
50,45848.0,48780.22,1.0,47.0,K0827,Hessen
35,48079.0,65670.65,0.0,39.0,K0828,Niedersachsen
35,58918.0,82500.37,1.0,57.0,K0829,Nordrhein-Westfalen
33,34894.0,60765.14,1.0,29.0,K0830,Baden-Württemberg
59,65278.0,91121.52,1.0,42.0,K0831,Nordrhein-Westfalen
40,42128.0,78281.31,1.0,40.0,K0832,Niedersachsen
59,62970.0,83862.47,1.0,56.0,K0833,Hessen
60,51460.0,80985.24,1.0,31.0,K0834,Sachsen
53,47554.0,85424.37,1.0,37.0,K0835,Niedersachsen
38,46525.0,80802.74,1.0,34.0,K0836,Bayern
32,55589.0,60798.72,0.0,44.0,K0837,Berlin
60,62903.0,125573.59,1.0,47.0,K0838,Brandenburg
69,72349.0,103823.85,1.0,61.0,K0839,Baden-Württemberg
66,94518.0,119618.58,0.0,62.0,K0840,Thüringen
65,62961.0,106364.96,1.0,56.0,K0841,Baden-Württemberg
53,43943.0,71806.29,1.0,35.0,K0842,Niedersachsen
60,60569.0,89849.34,0.0,52.0,K0843,Brandenburg
35,35242.0,63070.96,1.0,34.0,K0844,Baden-Württemberg
31,19138.0,21471.65,0.0,37.0,K0845,Sachsen
49,56231.0,67307.08,0.0,33.0,K0846,Nordrhein-Westfalen
57,76586.0,104976.08,1.0,45.0,K0847,Hamburg
40,33908.0,69238.65,1.0,45.0,K0848,Bayern
33,41209.0,56426.61,1.0,30.0,K0849,Baden-Württemberg
44,56488.0,99913.03,1.0,39.0,K0850,Bayern
35,41525.0,75726.31,1.0,30.0,K0851,Bayern
59,70484.0,107496.17,0.0,58.0,K0852,Brandenburg
67,79290.0,122565.05,1.0,46.0,K0853,Thüringen
31,29275.0,51628.74,1.0,30.0,K0854,Hessen
44,68447.0,96292.93,0.0,47.0,K0855,Sachsen
40,61386.0,81555.07,0.0,53.0,K0856,Niedersachsen
37,57504.0,78406.83,1.0,40.0,K0857,Berlin
55,75123.0,97596.04,1.0,55.0,K0858,Nordrhein-Westfalen
34,24264.0,22580.44,1.0,19.0,K0859,Berlin
35,52473.0,86012.47,1.0,57.0,K0860,Nordrhein-Westfalen
55,71240.0,106132.59,1.0,49.0,K0861,Bayern
33,23596.0,44008.34,1.0,27.0,K0862,Baden-Württemberg
48,54204.0,86153.64,0.0,54.0,K0863,Nordrhein-Westfalen
49,60621.0,81988.0,1.0,41.0,K0864,Hessen
62,89774.0,117051.99,1.0,72.0,K0865,Sachsen
49,65479.0,92555.99,1.0,45.0,K0866,Sachsen
41,39563.0,78550.75,1.0,39.0,K0867,Baden-Württemberg
30,55391.0,61951.79,0.0,39.0,K0868,Brandenburg
55,64604.0,69621.64,0.0,38.0,K0869,Berlin
43,48335.0,68096.85,0.0,42.0,K0870,Hessen
67,73602.0,124908.81,1.0,56.0,K0871,Nordrhein-Westfalen
66,58457.0,79415.76,1.0,35.0,K0872,Bayern
40,46664.0,59309.97,1.0,36.0,K0873,Hessen
65,80375.0,121858.27,1.0,64.0,K0874,Niedersachsen
42,45845.0,97820.78,1.0,42.0,K0875,Baden-Württemberg
32,43734.0,49055.81,0.0,34.0,K0876,Nordrhein-Westfalen
62,62350.0,84761.44,1.0,42.0,K0877,Hessen
35,40901.0,66275.03,1.0,49.0,K0878,Sachsen
39,50202.0,86793.36,1.0,30.0,K0879,Bayern
34,43401.0,58491.97,1.0,36.0,K0880,Baden-Württemberg
52,43463.0,57784.07,1.0,26.0,K0881,Brandenburg
39,42008.0,69244.54,0.0,45.0,K0882,Baden-Württemberg
31,56282.0,81611.9,0.0,43.0,K0883,Thüringen
42,44684.0,87308.31,0.0,39.0,K0884,Baden-Württemberg
69,79491.0,127058.7,1.0,74.0,K0885,Nordrhein-Westfalen
31,37149.0,65317.0,1.0,29.0,K0886,Hamburg
49,74627.0,102198.45,1.0,65.0,K0887,Bayern
30,50998.0,95539.65,1.0,38.0,K0888,Baden-Württemberg
66,84822.0,118968.62,0.0,56.0,K0889,Hessen
38,35130.0,52189.58,1.0,51.0,K0890,Hessen
46,58260.0,104933.18,1.0,43.0,K0891,Bayern
38,51844.0,60596.45,1.0,31.0,K0892,Sachsen
40,40278.0,45917.71,1.0,37.0,K0893,Bayern
44,42754.0,69418.9,0.0,35.0,K0894,Berlin
53,80451.0,112949.61,1.0,58.0,K0895,Hamburg
67,73888.0,111202.84,1.0,51.0,K0896,Baden-Württemberg
64,91409.0,140161.07,1.0,76.0,K0897,Sachsen
59,79283.0,105625.52,1.0,59.0,K0898,Berlin
60,73978.0,109383.25,0.0,44.0,K0899,Baden-Württemberg
34,46252.0,62891.18,0.0,39.0,K0900,Berlin
43,35922.0,51533.78,0.0,27.0,K0901,Hessen
40,50097.0,73036.86,0.0,38.0,K0902,Hamburg
38,61052.0,93849.29,1.0,39.0,K0903,Niedersachsen
63,80199.0,138366.29,0.0,70.0,K0904,Baden-Württemberg
41,50613.0,81875.89,1.0,35.0,K0905,Bayern
64,92461.0,105443.46,1.0,66.0,K0906,Nordrhein-Westfalen
64,71888.0,108277.84,0.0,49.0,K0907,Baden-Württemberg
30,30285.0,49774.03,1.0,22.0,K0908,Nordrhein-Westfalen
69,80988.0,130219.27,0.0,57.0,K0909,Baden-Württemberg
51,68102.0,101089.53,1.0,52.0,K0910,Nordrhein-Westfalen
58,48755.0,95736.22,1.0,43.0,K0911,Bayern
37,47689.0,73619.96,0.0,20.0,K0912,Hessen
40,56643.0,96334.06,0.0,35.0,K0913,Baden-Württemberg
70,77481.0,114318.99,1.0,60.0,K0914,Baden-Württemberg
66,88070.0,129089.55,1.0,53.0,K0915,Bayern
43,58063.0,93120.95,1.0,45.0,K0916,Baden-Württemberg
59,91693.0,121840.18,1.0,52.0,K0917,Bayern
64,65754.0,95513.44,1.0,53.0,K0918,Hamburg
50,67714.0,90616.13,0.0,55.0,K0919,Hessen
66,65032.0,96232.71,1.0,53.0,K0920,Nordrhein-Westfalen
34,23826.0,48808.86,0.0,34.0,K0921,Niedersachsen
48,34459.0,44237.57,1.0,43.0,K0922,Hessen
43,56948.0,67634.12,1.0,35.0,K0923,Berlin
55,66128.0,117054.79,0.0,43.0,K0924,Berlin
33,35064.0,48350.07,1.0,39.0,K0925,Berlin
54,43811.0,77794.39,1.0,45.0,K0926,Nordrhein-Westfalen
54,55557.0,72637.98,1.0,38.0,K0927,Bayern
47,55494.0,83850.57,0.0,38.0,K0928,Baden-Württemberg
69,87922.0,120453.26,0.0,54.0,K0929,Niedersachsen
37,44420.0,51519.02,1.0,26.0,K0930,Bayern
68,80968.0,135002.85,1.0,47.0,K0931,Sachsen
69,75241.0,128050.39,1.0,44.0,K0932,Nordrhein-Westfalen
43,70080.0,94723.69,0.0,48.0,K0933,Baden-Württemberg
61,59597.0,104647.51,0.0,47.0,K0934,Baden-Württemberg
67,69567.0,128522.22,1.0,53.0,K0935,Brandenburg
62,66385.0,110890.06,1.0,45.0,K0936,Hessen
52,66760.0,103242.45,1.0,45.0,K0937,Bayern
44,40928.0,68349.12,0.0,36.0,K0938,Niedersachsen
62,73197.0,115604.15,0.0,41.0,K0939,Hessen
54,64833.0,93686.46,1.0,54.0,K0940,Bayern
46,46834.0,71854.37,1.0,47.0,K0941,Baden-Württemberg
62,75303.0,116978.57,1.0,48.0,K0942,Nordrhein-Westfalen
31,27160.0,40495.11,0.0,26.0,K0943,Bayern
43,38995.0,61300.12,1.0,43.0,K0944,Nordrhein-Westfalen
69,80400.0,120052.16,0.0,54.0,K0945,Berlin
69,61320.0,113385.31,1.0,50.0,K0946,Hessen
68,54974.0,83002.22,1.0,42.0,K0947,Nordrhein-Westfalen
35,48208.0,78096.44,1.0,50.0,K0948,Nordrhein-Westfalen
35,53806.0,84195.58,1.0,45.0,K0949,Berlin
32,34112.0,62280.35,1.0,36.0,K0950,Bayern
36,36269.0,49092.44,0.0,37.0,K0951,Nordrhein-Westfalen
37,55505.0,61612.78,1.0,39.0,K0952,Berlin
44,39771.0,72076.48,1.0,32.0,K0953,Baden-Württemberg
58,52599.0,88810.94,1.0,47.0,K0954,Sachsen
62,79399.0,125617.3,0.0,56.0,K0955,Baden-Württemberg
59,68568.0,95476.41,0.0,41.0,K0956,Baden-Württemberg
68,89783.0,138190.26,1.0,73.0,K0957,Baden-Württemberg
56,42003.0,84471.99,0.0,43.0,K0958,Hessen
65,59789.0,96988.98,1.0,45.0,K0959,Niedersachsen
58,67540.0,106543.4,1.0,47.0,K0960,Bayern
67,81679.0,124223.23,0.0,57.0,K0961,Bayern
62,80910.0,108522.61,0.0,59.0,K0962,Bayern
66,77961.0,121393.97,0.0,40.0,K0963,Niedersachsen
56,67000.0,117255.91,1.0,63.0,K0964,Baden-Württemberg
62,67502.0,104564.5,1.0,43.0,K0965,Sachsen
33,57513.0,62722.06,0.0,44.0,K0966,Bayern
51,47827.0,71298.43,1.0,39.0,K0967,Thüringen
31,41983.0,43660.45,1.0,50.0,K0968,Baden-Württemberg
39,36057.0,73098.28,1.0,32.0,K0969,Nordrhein-Westfalen
34,47144.0,76527.76,1.0,50.0,K0970,Bayern
39,35523.0,54246.76,1.0,36.0,K0971,Baden-Württemberg
62,79791.0,101275.87,0.0,48.0,K0972,Nordrhein-Westfalen
67,78366.0,109630.95,1.0,55.0,K0973,Nordrhein-Westfalen
42,68945.0,88842.18,1.0,49.0,K0974,Berlin
60,66507.0,103384.25,1.0,41.0,K0975,Niedersachsen
65,79589.0,117896.45,0.0,57.0,K0976,Hessen
53,53504.0,98914.66,1.0,42.0,K0977,Nordrhein-Westfalen
44,49072.0,68862.67,1.0,43.0,K0978,Bayern
58,68532.0,86666.09,0.0,51.0,K0979,Hamburg
37,28037.0,37558.95,0.0,24.0,K0980,Brandenburg
34,25970.0,45444.01,0.0,33.0,K0981,Bayern
58,73890.0,100147.52,0.0,48.0,K0982,Sachsen
33,38675.0,56493.4,1.0,13.0,K0983,Baden-Württemberg
41,42509.0,61738.05,0.0,37.0,K0984,Baden-Württemberg
31,30097.0,59710.03,1.0,26.0,K0985,Hessen
56,57640.0,83811.43,0.0,46.0,K0986,Niedersachsen
60,70775.0,101574.15,0.0,64.0,K0987,Baden-Württemberg
65,79806.0,124673.13,0.0,69.0,K0988,Berlin
65,52291.0,83234.33,0.0,40.0,K0989,Sachsen
55,79452.0,117307.67,1.0,49.0,K0990,Bayern
56,79765.0,117216.16,1.0,59.0,K0991,Niedersachsen
34,16069.0,36929.31,0.0,20.0,K0992,Nordrhein-Westfalen
49,69396.0,86666.48,0.0,52.0,K0993,Berlin
40,59298.0,96941.73,1.0,40.0,K0994,Sachsen
39,46774.0,93641.06,1.0,40.0,K0995,Nordrhein-Westfalen
69,65252.0,105771.99,1.0,42.0,K0996,Berlin
67,88160.0,116308.36,0.0,67.0,K0997,Hessen
35,39813.0,60757.87,0.0,31.0,K0998,Niedersachsen
37,50552.0,83913.36,1.0,45.0,K0999,Hessen
52,84942.0,110785.84,1.0,49.0,K1000,Nordrhein-Westfalen
55,66861.0,97465.12,0.0,54.0,K1001,Bayern
41,38996.0,66237.4,0.0,28.0,K1002,Bayern
55,60489.0,105741.8,1.0,47.0,K1003,Bayern
42,41463.0,74976.67,1.0,43.0,K1004,Baden-Württemberg
69,84021.0,133358.19,1.0,56.0,K1005,Baden-Württemberg
47,46708.0,70719.18,1.0,31.0,K1006,Nordrhein-Westfalen
54,57917.0,94386.02,1.0,47.0,K1007,Niedersachsen
62,57795.0,85730.62,0.0,38.0,K1008,Niedersachsen
69,77887.0,126098.91,0.0,51.0,K1009,Hessen
41,50856.0,87967.12,1.0,42.0,K1010,Nordrhein-Westfalen
65,45863.0,88037.39,0.0,47.0,K1011,Brandenburg
33,43075.0,60255.17,1.0,37.0,K1012,Nordrhein-Westfalen
34,40849.0,60157.5,1.0,36.0,K1013,Bayern
66,67768.0,125157.59,1.0,54.0,K1014,Sachsen
37,66600.0,86748.87,1.0,49.0,K1015,Niedersachsen
57,76694.0,120681.69,0.0,58.0,K1016,Bayern
60,57664.0,95386.14,0.0,51.0,K1017,Hessen
38,54775.0,75261.51,1.0,40.0,K1018,Hamburg
58,80881.0,102290.11,1.0,33.0,K1019,Baden-Württemberg
43,52541.0,79916.64,0.0,36.0,K1020,Hessen
69,0.0,125140.05,1.0,65.0,K1021,Bayern
70,84074.0,144045.32,1.0,57.0,K1022,Baden-Württemberg
51,37169.0,57319.84,0.0,31.0,K1023,Sachsen
40,45828.0,93946.55,1.0,46.0,K1024,Niedersachsen
52,58284.0,93481.79,1.0,43.0,K1025,Nordrhein-Westfalen
30,52514.0,76020.69,1.0,27.0,K1026,Niedersachsen
66,79684.0,111685.27,0.0,44.0,K1027,Bayern
50,55477.0,88889.58,1.0,46.0,K1028,Hamburg
55,63152.0,101027.77,1.0,46.0,K1029,Niedersachsen
65,86078.0,133381.03,0.0,68.0,K1030,Thüringen
52,58873.0,80225.35,1.0,39.0,K1031,Bayern
30,29432.0,61522.97,0.0,28.0,K1032,Nordrhein-Westfalen
69,76330.0,120784.01,1.0,47.0,K1033,Sachsen
44,62396.0,94641.94,0.0,43.0,K1034,Niedersachsen
50,64086.0,92285.2,1.0,34.0,K1035,Sachsen
38,46165.0,60325.44,1.0,35.0,K1036,Berlin
38,47762.0,72194.21,1.0,39.0,K1037,Thüringen
39,40699.0,66612.75,1.0,34.0,K1038,Niedersachsen
55,62026.0,79649.63,0.0,61.0,K1039,Baden-Württemberg
70,73211.0,121272.09,0.0,64.0,K1040,Sachsen
64,70698.0,118855.24,1.0,45.0,K1041,Brandenburg
54,77644.0,103145.7,1.0,40.0,K1042,Berlin
55,52440.0,73482.49,0.0,41.0,K1043,Hessen
40,40385.0,60570.44,0.0,38.0,K1044,Baden-Württemberg
67,63547.0,103123.57,1.0,41.0,K1045,Berlin
31,22137.0,38697.44,1.0,20.0,K1046,Nordrhein-Westfalen
36,41489.0,63321.68,1.0,47.0,K1047,Baden-Württemberg
47,48752.0,78207.23,0.0,38.0,K1048,Bayern
56,84320.0,104544.82,1.0,62.0,K1049,Baden-Württemberg
63,69742.0,94365.56,1.0,43.0,K1050,Berlin
56,79198.0,85437.96,1.0,54.0,K1051,Nordrhein-Westfalen
46,64863.0,101644.17,0.0,45.0,K1052,Nordrhein-Westfalen
53,59694.0,91743.18,1.0,40.0,K1053,Sachsen
54,85929.0,129836.57,1.0,66.0,K1054,Hessen
36,46427.0,57408.1,1.0,28.0,K1055,Bayern
35,58838.0,81539.66,1.0,47.0,K1056,Sachsen
53,77106.0,111716.45,1.0,51.0,K1057,Nordrhein-Westfalen
62,76222.0,107580.68,1.0,56.0,K1058,Hessen
58,75531.0,94646.93,1.0,50.0,K1059,Niedersachsen
51,66558.0,115445.45,1.0,54.0,K1060,Sachsen
55,51720.0,98714.27,1.0,34.0,K1061,Niedersachsen
57,66921.0,95988.37,0.0,57.0,K1062,Bayern
50,70355.0,104977.17,0.0,50.0,K1063,Niedersachsen
36,60066.0,78126.13,1.0,36.0,K1064,Baden-Württemberg
46,46549.0,62984.61,0.0,43.0,K1065,Berlin
49,63355.0,111931.58,1.0,45.0,K1066,Berlin
70,82041.0,106587.98,1.0,44.0,K1067,Baden-Württemberg
49,56341.0,83125.26,1.0,45.0,K1068,Baden-Württemberg
51,63650.0,95477.5,1.0,54.0,K1069,Baden-Württemberg
57,68664.0,118552.48,0.0,58.0,K1070,Niedersachsen
69,85191.0,134143.64,0.0,55.0,K1071,Nordrhein-Westfalen
36,59150.0,63818.75,0.0,46.0,K1072,Thüringen
30,45508.0,64916.89,1.0,38.0,K1073,Bayern
61,74008.0,110730.9,1.0,62.0,K1074,Hessen
42,70246.0,94369.73,1.0,44.0,K1075,Sachsen
59,80507.0,122494.92,1.0,52.0,K1076,Baden-Württemberg
52,59873.0,76854.89,1.0,39.0,K1077,Niedersachsen
48,43335.0,67948.2,1.0,27.0,K1078,Nordrhein-Westfalen
61,59927.0,100903.48,1.0,47.0,K1079,Baden-Württemberg
59,78591.0,121131.95,1.0,66.0,K1080,Nordrhein-Westfalen
58,60549.0,95376.05,0.0,44.0,K1081,Nordrhein-Westfalen
58,56452.0,86683.9,0.0,37.0,K1082,Baden-Württemberg
59,-62840.374523,92837.59,0.0,46.0,K1083,Baden-Württemberg
45,45825.0,80681.1,1.0,42.0,K1084,Baden-Württemberg
69,88545.0,130019.9,1.0,58.0,K1085,Bayern
48,54835.0,73324.94,1.0,52.0,K1086,Brandenburg
47,40566.0,54913.08,0.0,30.0,K1087,Hamburg
30,37341.0,41316.33,1.0,32.0,K1088,Bayern
43,53520.0,94866.27,1.0,44.0,K1089,Sachsen
31,32891.0,59486.79,0.0,34.0,K1090,Bayern
57,78835.0,112307.45,1.0,55.0,K1091,Baden-Württemberg
59,63905.0,94428.01,1.0,38.0,K1092,Bayern
67,89170.0,123408.48,1.0,76.0,K1093,Hamburg
33,46732.0,78942.39,1.0,37.0,K1094,Berlin
30,47053.0,85990.12,1.0,39.0,K1095,Bayern
37,32686.0,49215.87,1.0,36.0,K1096,Baden-Württemberg
58,68451.0,114851.71,1.0,45.0,K1097,Nordrhein-Westfalen
68,77662.0,118227.18,1.0,54.0,K1098,Thüringen
32,23753.0,40179.55,0.0,22.0,K1099,Bayern
61,82624.0,134755.8,1.0,59.0,K1100,Berlin
39,37905.0,61717.86,1.0,32.0,K1101,Hessen
39,40159.0,67170.69,1.0,37.0,K1102,Niedersachsen
48,45545.0,75700.83,0.0,30.0,K1103,Berlin
63,80414.0,101554.64,1.0,49.0,K1104,Sachsen
42,57149.49800655036,NaN,0.0,35.0,K1105,Hessen
34,43358.56434967347,NaN,1.0,33.0,K1106,Berlin
33,45748.42693618564,NaN,1.0,55.0,K1107,Niedersachsen
57,58633.96976384482,NaN,1.0,32.0,K1108,Thüringen
43,53592.01268373325,NaN,0.0,31.0,K1109,Nordrhein-Westfalen
37,38266.32199296525,NaN,1.0,36.0,K1110,Baden-Württemberg
38,50640.423932004334,NaN,1.0,28.0,K1111,Bayern
64,70306.34919789399,NaN,1.0,36.0,K1112,Berlin
66,76115.9481075349,NaN,0.0,59.0,K1113,Bayern
50,43389.6662576152,NaN,1.0,38.0,K1114,Niedersachsen
47,46132.94535081172,NaN,1.0,38.0,K1115,Nordrhein-Westfalen
62,77682.56445966552,NaN,0.0,28.0,K1116,Nordrhein-Westfalen
37,37026.70345003768,NaN,0.0,52.0,K1117,Thüringen
46,65112.43068984319,NaN,0.0,54.0,K1118,Bayern
60,63515.3557570424,NaN,1.0,44.0,K1119,Nordrhein-Westfalen
63,79754.37807458994,NaN,1.0,42.0,K1120,Nordrhein-Westfalen
35,35620.91508044857,NaN,0.0,33.0,K1121,Bayern
51,64923.2465521522,NaN,1.0,39.0,K1122,Nordrhein-Westfalen
43,38133.969015536415,NaN,0.0,27.0,K1123,Baden-Württemberg
32,34848.440657675164,NaN,0.0,24.0,K1124,Nordrhein-Westfalen
41,41970.75544641636,NaN,1.0,20.0,K1125,Hamburg
65,86000.22043383513,NaN,0.0,39.0,K1126,Bayern
41,53765.35585459019,NaN,0.0,21.0,K1127,Niedersachsen
31,26637.981443696044,NaN,1.0,30.0,K1128,Niedersachsen
31,35916.95084009938,NaN,1.0,34.0,K1129,Bayern
44,46191.87896569637,NaN,1.0,45.0,K1130,Baden-Württemberg
52,71199.25034553104,NaN,1.0,29.0,K1131,Berlin
58,81205.2106669526,NaN,1.0,46.0,K1132,Hessen
46,42528.58264935153,NaN,0.0,44.0,K1133,Nordrhein-Westfalen
61,80750.62261107466,NaN,0.0,24.0,K1134,Sachsen
36,36252.28123171101,NaN,1.0,46.0,K1135,Hamburg
59,68648.91021070804,NaN,1.0,32.0,K1136,Nordrhein-Westfalen
57,68849.42162075546,NaN,0.0,30.0,K1137,Berlin
43,68343.42995828904,NaN,1.0,32.0,K1138,Nordrhein-Westfalen
59,61880.00056054359,NaN,0.0,35.0,K1139,Bayern
46,63048.00599990672,NaN,1.0,31.0,K1140,Berlin
61,62738.78126475906,NaN,1.0,27.0,K1141,Niedersachsen
35,31305.75142624562,NaN,1.0,27.0,K1142,Baden-Württemberg
53,64075.21152405026,NaN,0.0,36.0,K1143,Nordrhein-Westfalen
35,42684.33163178136,NaN,1.0,33.0,K1144,Nordrhein-Westfalen
56,41843.15467731814,NaN,0.0,40.0,K1145,Berlin
47,67161.18295243074,NaN,1.0,36.0,K1146,Berlin
53,44536.66728238031,NaN,1.0,36.0,K1147,Nordrhein-Westfalen
66,77908.2919508747,NaN,1.0,41.0,K1148,Nordrhein-Westfalen
53,75785.76768077022,NaN,0.0,49.0,K1149,Bayern
67,100322.36627573174,NaN,0.0,50.0,K1150,Bayern
63,72396.21052871113,NaN,1.0,48.0,K1151,Niedersachsen
69,69862.19896027556,NaN,1.0,44.0,K1152,Hessen
44,64786.55370707238,NaN,1.0,56.0,K1153,Baden-Württemberg
40,56212.03314278404,NaN,1.0,39.0,K1154,Bayern
51,57040.845501739626,NaN,1.0,38.0,K1155,Sachsen
53,58268.38455170221,NaN,0.0,57.0,K1156,Niedersachsen
30,30096.83903677389,NaN,0.0,8.0,K1157,Thüringen
47,53602.47896688802,NaN,1.0,33.0,K1158,Nordrhein-Westfalen
41,52447.560235608296,NaN,1.0,48.0,K1159,Sachsen
57,63456.62655121073,NaN,0.0,45.0,K1160,Bayern
69,78816.42539608196,NaN,0.0,61.0,K1161,Nordrhein-Westfalen
36,49453.96108096693,NaN,1.0,36.0,K1162,Baden-Württemberg
52,49271.15093249532,NaN,1.0,31.0,K1163,Niedersachsen
50,56874.927420698994,NaN,1.0,32.0,K1164,Berlin
63,60561.8096538407,NaN,1.0,38.0,K1165,Bayern
40,49390.74203480306,NaN,1.0,51.0,K1166,Nordrhein-Westfalen
51,43966.82165100914,NaN,1.0,51.0,K1167,Nordrhein-Westfalen
64,84876.30328321343,NaN,0.0,34.0,K1168,Baden-Württemberg
58,57893.550514330855,NaN,1.0,38.0,K1169,Hessen
57,52580.65881183184,NaN,1.0,29.0,K1170,Bayern
47,53430.97175074282,NaN,1.0,30.0,K1171,Berlin
43,67392.46312717693,NaN,0.0,45.0,K1172,Nordrhein-Westfalen
47,63119.27077514208,NaN,0.0,51.0,K1173,Bayern
57,51230.94265343794,NaN,1.0,28.0,K1174,Sachsen
53,51711.710837452105,NaN,1.0,37.0,K1175,Baden-Württemberg
37,41292.5402355632,NaN,0.0,33.0,K1176,Niedersachsen
37,65034.99740020256,NaN,1.0,44.0,K1177,Niedersachsen
33,31654.70931020863,NaN,1.0,31.0,K1178,Bayern
56,58982.6724132594,NaN,1.0,16.0,K1179,Bayern
65,91807.01049333796,NaN,1.0,45.0,K1180,Nordrhein-Westfalen
34,43060.345548235055,NaN,1.0,32.0,K1181,Nordrhein-Westfalen
62,83975.47424607084,NaN,0.0,33.0,K1182,Bayern
63,69114.66674485385,NaN,0.0,39.0,K1183,Hamburg
59,70012.55646857031,NaN,1.0,39.0,K1184,Baden-Württemberg
37,56717.58760576484,NaN,0.0,40.0,K1185,Bayern
68,80288.19633710348,NaN,1.0,19.0,K1186,Brandenburg
55,76311.86352250354,NaN,1.0,41.0,K1187,Baden-Württemberg
66,82714.59944611686,NaN,0.0,16.0,K1188,Nordrhein-Westfalen
63,66297.52548713186,NaN,0.0,43.0,K1189,Niedersachsen
36,43526.38864791295,NaN,1.0,46.0,K1190,Sachsen
69,91624.99730636716,NaN,1.0,21.0,K1191,Niedersachsen
57,74592.79954735856,NaN,0.0,38.0,K1192,Sachsen
68,81230.95237363465,NaN,0.0,46.0,K1193,Hessen
68,64541.87849781089,NaN,0.0,31.0,K1194,Hessen
57,52369.614786572805,NaN,1.0,42.0,K1195,Thüringen
43,37696.62541510117,NaN,1.0,7.0,K1196,Niedersachsen
67,75807.6559482063,NaN,1.0,46.0,K1197,Baden-Württemberg
33,36719.10148652727,NaN,1.0,35.0,K1198,Nordrhein-Westfalen
47,43409.22363053848,NaN,0.0,32.0,K1199,Sachsen
54,74220.58232237589,NaN,1.0,45.0,K1200,Nordrhein-Westfalen
36,32281.857537934036,NaN,1.0,52.0,K1201,Hessen
67,68054.56279480796,NaN,0.0,40.0,K1202,Niedersachsen
57,69354.03908552793,NaN,1.0,51.0,K1203,Thüringen
34,50082.23275161896,NaN,1.0,19.0,K1204,Baden-Württemberg
32,57455.89154299589,NaN,0.0,42.0,K1205,Niedersachsen
60,77364.77312129164,NaN,0.0,34.0,K1206,Bayern
49,73319.1870845747,NaN,0.0,27.0,K1207,Niedersachsen
48,46968.11334133677,NaN,1.0,16.0,K1208,Hessen
40,67881.40169559825,NaN,0.0,41.0,K1209,Baden-Württemberg
69,65999.38116269282,NaN,0.0,44.0,K1210,Bayern
32,34391.82496545645,NaN,1.0,48.0,K1211,Hessen
52,67687.35381148307,NaN,1.0,47.0,K1212,Baden-Württemberg
36,29204.045820516767,NaN,0.0,27.0,K1213,Bayern
52,54277.20247138504,NaN,1.0,48.0,K1214,Nordrhein-Westfalen
36,33884.96632098324,NaN,0.0,49.0,K1215,Bayern
63,72872.40984065089,NaN,1.0,32.0,K1216,Brandenburg
48,70707.73987004749,NaN,1.0,35.0,K1217,Sachsen
38,46195.15314751832,NaN,1.0,26.0,K1218,Bayern
47,52534.52360667457,NaN,0.0,50.0,K1219,Berlin
70,57964.51215425568,NaN,1.0,20.0,K1220,Hessen
54,69210.98341641495,NaN,1.0,40.0,K1221,Nordrhein-Westfalen
43,59089.74089652931,NaN,0.0,29.0,K1222,Sachsen
54,49679.673812958754,NaN,0.0,24.0,K1223,Sachsen
48,57289.90314946119,NaN,0.0,16.0,K1224,Nordrhein-Westfalen
68,83333.56782765305,NaN,1.0,33.0,K1225,Bayern
44,61848.4722403355,NaN,1.0,22.0,K1226,Baden-Württemberg
45,47805.49911737529,NaN,0.0,36.0,K1227,Berlin
56,59483.17370518163,NaN,0.0,53.0,K1228,Baden-Württemberg
69,78663.93535160618,NaN,1.0,37.0,K1229,Niedersachsen
39,58806.417593735336,NaN,1.0,55.0,K1230,Niedersachsen
33,49527.66481574445,NaN,0.0,25.0,K1231,Baden-Württemberg
48,57701.18544621786,NaN,1.0,22.0,K1232,Nordrhein-Westfalen
57,77750.94761607521,NaN,0.0,25.0,K1233,Bayern
50,38912.22946143465,NaN,1.0,34.0,K1234,Berlin
43,59104.51301372704,NaN,1.0,62.0,K1235,Niedersachsen
62,64399.17380839598,NaN,0.0,18.0,K1236,Berlin
39,63156.4607924843,NaN,1.0,41.0,K1237,Berlin
48,48300.49016663392,NaN,1.0,28.0,K1238,Baden-Württemberg
59,63241.90384258392,NaN,1.0,33.0,K1239,Berlin
51,66518.30950340244,NaN,1.0,22.0,K1240,Nordrhein-Westfalen
32,44873.24457091626,NaN,0.0,44.0,K1241,Sachsen
66,75200.53464199259,NaN,0.0,35.0,K1242,Berlin
70,87311.6479662892,NaN,0.0,46.0,K1243,Berlin
47,61173.93565537098,NaN,1.0,37.0,K1244,Niedersachsen
40,51957.04750970712,NaN,1.0,16.0,K1245,Sachsen
31,34101.76397312862,NaN,1.0,46.0,K1246,Bayern
41,54152.49417110841,NaN,0.0,15.0,K1247,Berlin
35,55165.48483081868,NaN,0.0,16.0,K1248,Nordrhein-Westfalen
69,71732.2488483215,NaN,0.0,26.0,K1249,Hessen
58,62171.39083962616,NaN,1.0,26.0,K1250,Baden-Württemberg
59,71174.38427009825,NaN,1.0,49.0,K1251,Hessen
31,28227.61849741835,NaN,1.0,33.0,K1252,Baden-Württemberg
38,29787.61073967547,NaN,1.0,47.0,K1253,Hamburg
31,47601.83250459995,NaN,1.0,29.0,K1254,Hamburg
58,49653.39457003938,NaN,0.0,38.0,K1255,Nordrhein-Westfalen
62,70856.65436451563,NaN,1.0,40.0,K1256,Berlin
39,54069.62609830466,NaN,1.0,42.0,K1257,Bayern
63,78072.77390257167,NaN,1.0,30.0,K1258,Bayern
37,41367.81621506573,NaN,0.0,31.0,K1259,Nordrhein-Westfalen
66,69331.45165711388,NaN,0.0,32.0,K1260,Baden-Württemberg
62,77583.3564677155,NaN,0.0,18.0,K1261,Berlin
35,33579.07453165961,NaN,0.0,34.0,K1262,Baden-Württemberg
69,85175.91833307281,NaN,1.0,31.0,K1263,Nordrhein-Westfalen
48,59163.82368118809,NaN,0.0,41.0,K1264,Berlin
61,74660.13264222299,NaN,1.0,36.0,K1265,Bayern
56,61601.83870475674,NaN,1.0,48.0,K1266,Bayern
30,54906.9841115438,NaN,0.0,36.0,K1267,Nordrhein-Westfalen
62,77712.60659770755,NaN,0.0,29.0,K1268,Hessen
69,80266.5197570841,NaN,1.0,36.0,K1269,Niedersachsen
61,75680.8569455791,NaN,1.0,42.0,K1270,Sachsen
34,34322.45474166627,NaN,1.0,17.0,K1271,Sachsen
46,52041.42325072015,NaN,1.0,28.0,K1272,Bayern
37,66419.24826812533,NaN,1.0,28.0,K1273,Thüringen
63,68751.57141072903,NaN,1.0,39.0,K1274,Baden-Württemberg
38,45342.44887981655,NaN,1.0,40.0,K1275,Berlin
52,58522.30288435561,NaN,0.0,36.0,K1276,Sachsen
64,67482.49163937743,NaN,1.0,10.0,K1277,Bayern
36,47469.13210184134,NaN,1.0,18.0,K1278,Bayern
44,53482.31220036104,NaN,1.0,33.0,K1279,Bayern
49,67290.60216332534,NaN,0.0,30.0,K1280,Hessen
54,72310.20137385467,NaN,1.0,35.0,K1281,Berlin
32,47052.41137944455,NaN,1.0,30.0,K1282,Nordrhein-Westfalen
53,55541.95679712114,NaN,1.0,50.0,K1283,Sachsen
63,81446.3626440167,NaN,0.0,12.0,K1284,Niedersachsen
51,67445.37935769891,NaN,0.0,38.0,K1285,Bayern
40,39209.6501341634,NaN,0.0,43.0,K1286,Sachsen
37,41986.47519256367,NaN,0.0,42.0,K1287,Bayern
68,68468.39756233856,NaN,0.0,43.0,K1288,Baden-Württemberg
64,82889.73040827588,NaN,0.0,44.0,K1289,Baden-Württemberg
67,86403.29453956797,NaN,1.0,29.0,K1290,Hessen
37,57751.77227125286,NaN,1.0,24.0,K1291,Baden-Württemberg
66,77161.38225056148,NaN,0.0,15.0,K1292,Baden-Württemberg
56,71443.21885328605,NaN,1.0,31.0,K1293,Bayern
57,77462.12620064212,NaN,1.0,27.0,K1294,Bayern
69,75983.22376160801,NaN,0.0,47.0,K1295,Hessen
63,67502.37221616226,NaN,1.0,32.0,K1296,Nordrhein-Westfalen
61,66782.63479749944,NaN,0.0,25.0,K1297,Nordrhein-Westfalen
44,50005.002649598144,NaN,0.0,23.0,K1298,Bayern
46,47676.39503820558,NaN,1.0,55.0,K1299,Bayern
62,68355.76502240951,NaN,0.0,35.0,K1300,Thüringen
45,62279.13133366568,NaN,1.0,27.0,K1301,Baden-Württemberg
58,68875.22346371044,NaN,1.0,36.0,K1302,Nordrhein-Westfalen
38,48808.07114016616,NaN,1.0,54.0,K1303,Baden-Württemberg
62,69519.57087189915,NaN,0.0,31.0,K1304,Sachsen
58,64187.77402135038,NaN,0.0,42.0,K1305,Bayern
42,53357.53278831714,NaN,1.0,47.0,K1306,Berlin
50,61399.93782462269,NaN,0.0,16.0,K1307,Niedersachsen
50,67276.38391826894,NaN,1.0,29.0,K1308,Hessen
34,53036.01128400799,NaN,0.0,46.0,K1309,Bayern
39,40996.11239065249,NaN,1.0,28.0,K1310,Hessen
35,50251.17942340272,NaN,0.0,39.0,K1311,Nordrhein-Westfalen
42,41050.15920441383,NaN,1.0,27.0,K1312,Baden-Württemberg
30,55256.4530467888,NaN,1.0,31.0,K1313,Baden-Württemberg
49,51990.8572650111,NaN,1.0,29.0,K1314,Berlin
37,51083.82595578743,NaN,0.0,41.0,K1315,Baden-Württemberg
39,37428.11758655559,NaN,1.0,37.0,K1316,Niedersachsen
38,44672.54475227276,NaN,0.0,36.0,K1317,Bayern
70,97897.0505433718,NaN,1.0,60.0,K1318,Berlin
32,31562.64677399754,NaN,1.0,52.0,K1319,Baden-Württemberg
40,68282.04611732642,NaN,1.0,15.0,K1320,Hamburg
41,49550.96776765906,NaN,0.0,31.0,K1321,Baden-Württemberg
39,56023.57481737575,NaN,1.0,59.0,K1322,Baden-Württemberg
54,68635.79438556149,NaN,0.0,29.0,K1323,Baden-Württemberg
54,69123.41115128566,NaN,0.0,56.0,K1324,Thüringen
40,35558.52295367206,NaN,0.0,31.0,K1325,Baden-Württemberg
65,73776.46692409588,NaN,1.0,33.0,K1326,Niedersachsen
68,92374.32383282809,NaN,0.0,44.0,K1327,Baden-Württemberg
55,63084.95068724524,NaN,0.0,34.0,K1328,Baden-Württemberg
43,53219.97439361837,NaN,1.0,40.0,K1329,Brandenburg
68,67645.32893488045,NaN,0.0,51.0,K1330,Berlin
69,77933.08345381929,NaN,1.0,43.0,K1331,Thüringen
30,46686.48822885003,NaN,1.0,36.0,K1332,Sachsen
33,28556.82030061056,NaN,1.0,52.0,K1333,Nordrhein-Westfalen
59,77392.45243948342,NaN,1.0,44.0,K1334,Hessen
41,51201.01414120506,NaN,1.0,28.0,K1335,Berlin
64,74726.84924898707,NaN,1.0,55.0,K1336,Bayern
42,48260.29217550943,NaN,0.0,41.0,K1337,Sachsen
60,67687.57030152502,NaN,1.0,33.0,K1338,Hessen
67,76785.41565787853,NaN,1.0,15.0,K1339,Hessen
52,71014.31038644777,NaN,1.0,21.0,K1340,Bayern
33,36223.99905839761,NaN,0.0,52.0,K1341,Baden-Württemberg
45,70632.18116424145,NaN,0.0,52.0,K1342,Sachsen
36,46373.45798243152,NaN,0.0,36.0,K1343,Bayern
51,56254.19697173916,NaN,0.0,17.0,K1344,Berlin
58,78517.61269570532,NaN,1.0,24.0,K1345,Baden-Württemberg
40,54037.310030892266,NaN,0.0,19.0,K1346,Nordrhein-Westfalen
62,59572.98556778787,NaN,1.0,18.0,K1347,Baden-Württemberg
58,60418.96718784391,NaN,1.0,55.0,K1348,Nordrhein-Westfalen
68,80553.39340496145,NaN,0.0,56.0,K1349,Baden-Württemberg
41,35323.88007913634,NaN,1.0,24.0,K1350,Sachsen
36,62517.50853637212,NaN,0.0,35.0,K1351,Nordrhein-Westfalen
68,89005.39288890261,NaN,0.0,22.0,K1352,Baden-Württemberg
55,66068.47971681332,NaN,1.0,35.0,K1353,Hessen
69,79689.64512573004,NaN,1.0,51.0,K1354,Bayern
38,40638.12381960798,NaN,1.0,46.0,K1355,Baden-Württemberg
70,66260.0261280502,NaN,0.0,43.0,K1356,Nordrhein-Westfalen
63,60048.61890406629,NaN,0.0,33.0,K1357,Berlin
42,67920.23427164622,NaN,1.0,48.0,K1358,Berlin
65,92223.18914804253,NaN,1.0,41.0,K1359,Baden-Württemberg
54,59813.591317114704,NaN,0.0,39.0,K1360,Berlin
53,72003.34639382867,NaN,0.0,34.0,K1361,Nordrhein-Westfalen
46,60088.44886582324,NaN,1.0,38.0,K1362,Bayern
31,43375.75364123266,NaN,1.0,38.0,K1363,Thüringen
42,37936.97963079064,NaN,0.0,30.0,K1364,Sachsen
60,55814.79620631314,NaN,1.0,27.0,K1365,Baden-Württemberg
58,80403.59755265598,NaN,1.0,25.0,K1366,Baden-Württemberg
57,50717.287096426,NaN,0.0,26.0,K1367,Nordrhein-Westfalen
56,66037.855417978,NaN,0.0,33.0,K1368,Berlin
44,49839.08323147287,NaN,1.0,31.0,K1369,Baden-Württemberg
60,67965.91123144886,NaN,1.0,29.0,K1370,Bayern
69,85613.26171212798,NaN,1.0,28.0,K1371,Hessen
44,47045.73383797704,NaN,1.0,38.0,K1372,Nordrhein-Westfalen
62,78050.89145865993,NaN,0.0,49.0,K1373,Baden-Württemberg
49,60350.97690802643,NaN,1.0,35.0,K1374,Baden-Württemberg
41,68516.49543941053,NaN,0.0,34.0,K1375,Sachsen
66,66735.69174215138,NaN,0.0,26.0,K1376,Nordrhein-Westfalen
38,46307.32262091811,NaN,1.0,33.0,K1377,Hessen
52,66521.77673029815,NaN,1.0,47.0,K1378,Nordrhein-Westfalen
37,42547.269364431886,NaN,1.0,45.0,K1379,Berlin
61,61246.32697749902,NaN,0.0,45.0,K1380,Nordrhein-Westfalen
43,63300.066464825926,NaN,0.0,44.0,K1381,Berlin
56,70410.79805191848,NaN,1.0,39.0,K1382,Bayern
54,53583.84502967968,NaN,0.0,39.0,K1383,Nordrhein-Westfalen
42,54737.68501450015,NaN,0.0,37.0,K1384,Berlin
50,75601.52855545645,NaN,0.0,31.0,K1385,Thüringen
60,71786.3601761889,NaN,1.0,36.0,K1386,Bayern
66,79203.82699739235,NaN,1.0,37.0,K1387,Sachsen
34,55437.44934982448,NaN,0.0,41.0,K1388,Sachsen
42,42036.4907884942,NaN,1.0,36.0,K1389,Bayern
57,84130.8361121828,NaN,1.0,56.0,K1390,Nordrhein-Westfalen
54,73773.47238829928,NaN,1.0,23.0,K1391,Berlin
64,68522.84225868413,NaN,1.0,43.0,K1392,Sachsen
68,75570.01523540512,NaN,1.0,35.0,K1393,Berlin
36,38942.80911718784,NaN,0.0,35.0,K1394,Nordrhein-Westfalen
67,63881.03417512037,NaN,1.0,27.0,K1395,Berlin
61,75646.61434612492,NaN,1.0,45.0,K1396,Bayern
32,31010.60371272385,NaN,0.0,42.0,K1397,Baden-Württemberg
68,84266.90561138178,NaN,1.0,43.0,K1398,Berlin
66,67587.20954156849,NaN,1.0,37.0,K1399,Nordrhein-Westfalen
51,69768.66331736703,NaN,0.0,32.0,K1400,Hessen
37,51507.44213419635,NaN,0.0,34.0,K1401,Niedersachsen
46,49160.77856726122,NaN,0.0,39.0,K1402,Bayern
56,70615.54950914938,NaN,0.0,15.0,K1403,Brandenburg
62,75231.17792161655,NaN,1.0,44.0,K1404,Baden-Württemberg
46,68885.01956818235,NaN,0.0,59.0,K1405,Nordrhein-Westfalen
41,40291.75658339562,NaN,1.0,40.0,K1406,Thüringen
56,66000.85802185375,NaN,0.0,32.0,K1407,Berlin
37,39083.359698716136,NaN,1.0,33.0,K1408,Baden-Württemberg
52,63037.62322866091,NaN,0.0,42.0,K1409,Baden-Württemberg
58,74550.6202554913,NaN,0.0,32.0,K1410,Niedersachsen
49,53203.21029404359,NaN,0.0,44.0,K1411,Hessen
45,51056.508520397634,NaN,1.0,33.0,K1412,Nordrhein-Westfalen
46,64231.463753689066,NaN,1.0,52.0,K1413,Bayern
45,66573.48650260495,NaN,0.0,52.0,K1414,Nordrhein-Westfalen
48,62342.14554131874,NaN,0.0,32.0,K1415,Niedersachsen
37,43614.88262792917,NaN,1.0,34.0,K1416,Bayern
67,78307.64635377112,NaN,0.0,35.0,K1417,Hamburg
67,85349.59272714778,NaN,0.0,35.0,K1418,Baden-Württemberg
58,71796.78375066351,NaN,1.0,26.0,K1419,Berlin
70,69099.94379724779,NaN,0.0,24.0,K1420,Sachsen
65,83198.24248402342,NaN,1.0,47.0,K1421,Berlin
55,58431.48591814502,NaN,1.0,46.0,K1422,Nordrhein-Westfalen
60,59341.44721400047,NaN,1.0,46.0,K1423,Hessen
41,34560.061178587945,NaN,0.0,34.0,K1424,Baden-Württemberg
46,53575.60719815357,NaN,0.0,54.0,K1425,Hessen
44,43990.60139928602,NaN,1.0,35.0,K1426,Brandenburg
38,25073.66890051087,NaN,0.0,44.0,K1427,Berlin
68,78362.67406137298,NaN,0.0,21.0,K1428,Baden-Württemberg
41,45176.5164943388,NaN,0.0,33.0,K1429,Berlin
61,71947.51335246935,NaN,1.0,33.0,K1430,Baden-Württemberg
54,59334.765842262015,NaN,0.0,34.0,K1431,Baden-Württemberg
68,98083.36958703487,NaN,1.0,22.0,K1432,Berlin
47,61371.86037427834,NaN,1.0,42.0,K1433,Bayern
44,48650.03750087601,NaN,1.0,45.0,K1434,Sachsen
61,72725.18968724947,NaN,1.0,28.0,K1435,Berlin
35,55240.05100480306,NaN,0.0,24.0,K1436,Nordrhein-Westfalen
64,85476.75002498372,NaN,1.0,27.0,K1437,Hamburg
63,63083.28870522346,NaN,0.0,40.0,K1438,Niedersachsen
67,71626.52688470876,NaN,1.0,29.0,K1439,Bayern
34,34255.8842775536,NaN,1.0,34.0,K1440,Sachsen
47,52745.12664226462,NaN,0.0,24.0,K1441,Hamburg
45,48971.41724927535,NaN,0.0,55.0,K1442,Nordrhein-Westfalen
37,45165.04142331776,NaN,1.0,36.0,K1443,Bayern
54,71635.44389752425,NaN,1.0,46.0,K1444,Baden-Württemberg
61,81435.30184849372,NaN,1.0,40.0,K1445,Niedersachsen
55,63242.91075110579,NaN,1.0,35.0,K1446,Baden-Württemberg
51,46713.49462194787,NaN,0.0,34.0,K1447,Berlin
60,62735.45678396812,NaN,0.0,28.0,K1448,Baden-Württemberg
39,42543.25204627491,NaN,1.0,30.0,K1449,Hessen
41,38375.78138430826,NaN,0.0,25.0,K1450,Thüringen
57,78842.38490612834,NaN,0.0,24.0,K1451,Berlin
35,31856.07889795332,NaN,1.0,56.0,K1452,Nordrhein-Westfalen
49,64640.80828524312,NaN,1.0,38.0,K1453,Brandenburg
34,26142.98247982684,NaN,0.0,50.0,K1454,Brandenburg
52,68557.64272708262,NaN,0.0,27.0,K1455,Sachsen
38,44788.123878098384,NaN,1.0,22.0,K1456,Sachsen
58,83377.64375055519,NaN,1.0,25.0,K1457,Nordrhein-Westfalen
45,44138.65666459138,NaN,1.0,31.0,K1458,Bayern
51,56363.69118728709,NaN,0.0,35.0,K1459,Hamburg
37,41519.40253088631,NaN,1.0,33.0,K1460,Bayern
49,57703.96636766509,NaN,1.0,27.0,K1461,Berlin
43,48849.87079024495,NaN,0.0,36.0,K1462,Brandenburg
68,78649.11140689638,NaN,0.0,37.0,K1463,Nordrhein-Westfalen
66,76131.40623392163,NaN,0.0,42.0,K1464,Sachsen
63,56999.12653841968,NaN,1.0,50.0,K1465,Berlin
40,57367.42919749243,NaN,1.0,31.0,K1466,Baden-Württemberg
69,108569.08702065004,NaN,1.0,47.0,K1467,Nordrhein-Westfalen
62,77172.3477368733,NaN,1.0,36.0,K1468,Baden-Württemberg
60,61876.053857405335,NaN,0.0,20.0,K1469,Hessen
63,66343.41078153354,NaN,1.0,53.0,K1470,Baden-Württemberg
36,49200.62245305059,NaN,1.0,58.0,K1471,Berlin
52,66108.25385529606,NaN,1.0,41.0,K1472,Thüringen
36,41110.880943472206,NaN,1.0,36.0,K1473,Baden-Württemberg
54,71794.83899910498,NaN,0.0,32.0,K1474,Berlin
32,20329.572188555016,NaN,1.0,30.0,K1475,Bayern
67,87205.89801486135,NaN,1.0,47.0,K1476,Sachsen
49,61221.78113765836,NaN,1.0,35.0,K1477,Nordrhein-Westfalen
63,66691.26681107994,NaN,1.0,52.0,K1478,Bayern
59,58008.720109576505,NaN,1.0,35.0,K1479,Baden-Württemberg
46,56617.21612666908,NaN,0.0,31.0,K1480,Hessen
39,59913.34656482462,NaN,0.0,29.0,K1481,Bayern
64,74797.71960677873,NaN,0.0,28.0,K1482,Niedersachsen
49,51392.49926367718,NaN,0.0,40.0,K1483,Baden-Württemberg
47,58432.854376868185,NaN,0.0,22.0,K1484,Baden-Württemberg
56,83787.01049645299,NaN,0.0,27.0,K1485,Niedersachsen
65,81926.49851495633,NaN,1.0,48.0,K1486,Bayern
52,67495.80152171961,NaN,1.0,25.0,K1487,Nordrhein-Westfalen
61,84321.02890463859,NaN,1.0,44.0,K1488,Baden-Württemberg
39,51488.134398045775,NaN,0.0,14.0,K1489,Bayern
40,41373.85105965837,NaN,0.0,50.0,K1490,Thüringen
67,64683.273523591095,NaN,0.0,22.0,K1491,Berlin
35,34180.68077831874,NaN,1.0,26.0,K1492,Niedersachsen
70,74005.80908584956,NaN,0.0,42.0,K1493,Baden-Württemberg
63,81611.74538927511,NaN,1.0,38.0,K1494,Hessen
65,85235.07133486084,NaN,1.0,44.0,K1495,Nordrhein-Westfalen
66,80806.3785643034,NaN,1.0,22.0,K1496,Bayern
46,44087.58252073564,NaN,1.0,32.0,K1497,Nordrhein-Westfalen
69,98883.18757367524,NaN,1.0,29.0,K1498,Hessen
69,79027.08313244994,NaN,1.0,24.0,K1499,Berlin
41,55038.29982685805,NaN,1.0,41.0,K1500,Hessen
50,60708.22607800983,NaN,0.0,44.0,K1501,Hessen
69,84659.69463801473,NaN,0.0,32.0,K1502,Baden-Württemberg
48,63015.20260611034,NaN,0.0,50.0,K1503,Berlin
32,32659.50626332902,NaN,1.0,27.0,K1504,Bayern
47,68475.47947035421,NaN,0.0,50.0,K1505,Berlin
48,43655.93017037532,NaN,0.0,41.0,K1506,Nordrhein-Westfalen
35,33126.91545739253,NaN,1.0,23.0,K1507,Brandenburg
45,65988.52038027447,NaN,1.0,55.0,K1508,Sachsen
37,50176.78491659571,NaN,1.0,31.0,K1509,Bayern
47,79607.66735450045,NaN,1.0,47.0,K1510,Berlin
68,82209.9028990893,NaN,0.0,36.0,K1511,Nordrhein-Westfalen
41,64926.19167828226,NaN,0.0,39.0,K1512,Hamburg
39,30485.188253072083,NaN,1.0,44.0,K1513,Hamburg
36,30932.04803160049,NaN,0.0,43.0,K1514,Baden-Württemberg
30,44635.67919427661,NaN,0.0,32.0,K1515,Berlin
65,62351.08641991102,NaN,0.0,40.0,K1516,Bayern
50,58484.54039041646,NaN,1.0,40.0,K1517,Thüringen
66,89744.99467999548,NaN,0.0,37.0,K1518,Bayern
53,68336.19977810085,NaN,1.0,33.0,K1519,Sachsen
54,65103.66431596069,NaN,0.0,37.0,K1520,Niedersachsen
36,39625.21727597255,NaN,1.0,55.0,K1521,Bayern
46,57346.43603357197,NaN,1.0,32.0,K1522,Hamburg
58,74947.00882859303,NaN,0.0,47.0,K1523,Nordrhein-Westfalen
59,64971.40044640654,NaN,1.0,29.0,K1524,Sachsen
36,47024.3005565006,NaN,1.0,26.0,K1525,Baden-Württemberg
62,84204.70672820717,NaN,1.0,68.0,K1526,Bayern
36,41668.05410643508,NaN,0.0,40.0,K1527,Bayern
53,64432.70137116784,NaN,1.0,41.0,K1528,Baden-Württemberg
40,52774.29440970104,NaN,0.0,41.0,K1529,Hessen
38,51013.21862383295,NaN,1.0,49.0,K1530,Nordrhein-Westfalen
41,57516.90250700793,NaN,1.0,39.0,K1531,Berlin
64,67710.1761467787,NaN,1.0,43.0,K1532,Nordrhein-Westfalen
33,35350.734563498816,NaN,1.0,24.0,K1533,Hessen
65,73604.96746986441,NaN,1.0,45.0,K1534,Berlin
57,60410.81774322362,NaN,1.0,33.0,K1535,Baden-Württemberg
42,34572.62891288065,NaN,0.0,42.0,K1536,Niedersachsen
52,33297.75882314246,NaN,0.0,18.0,K1537,Nordrhein-Westfalen
48,68669.40274374136,NaN,1.0,41.0,K1538,Niedersachsen
66,65216.98045790985,NaN,1.0,13.0,K1539,Baden-Württemberg
68,95714.30526812703,NaN,0.0,32.0,K1540,Bayern
53,70483.67913038879,NaN,1.0,18.0,K1541,Baden-Württemberg
45,50681.68694442643,NaN,1.0,41.0,K1542,Hessen
62,80040.16085279999,NaN,0.0,36.0,K1543,Nordrhein-Westfalen
41,53430.67308587748,NaN,0.0,27.0,K1544,Baden-Württemberg
63,65737.34789246088,NaN,0.0,49.0,K1545,Nordrhein-Westfalen
36,43538.46234850251,NaN,1.0,26.0,K1546,Hessen
40,39581.24530431099,NaN,1.0,5.0,K1547,Niedersachsen
60,78010.02181157023,NaN,0.0,40.0,K1548,Thüringen
58,63296.69034048032,NaN,1.0,17.0,K1549,Baden-Württemberg
42,49912.5133607232,NaN,1.0,26.0,K1550,Sachsen
60,70853.5645440371,NaN,1.0,30.0,K1551,Baden-Württemberg
31,38844.33511086199,NaN,1.0,21.0,K1552,Berlin
68,96580.0635011618,NaN,0.0,30.0,K1553,Nordrhein-Westfalen
44,50981.53330613676,NaN,0.0,21.0,K1554,Sachsen
40,59391.907257758285,NaN,0.0,37.0,K1555,Brandenburg
63,79995.43490693603,NaN,1.0,23.0,K1556,Hessen
68,94379.27254997374,NaN,1.0,35.0,K1557,Niedersachsen
33,37067.78183567922,NaN,1.0,47.0,K1558,Nordrhein-Westfalen
40,54688.48408511369,NaN,1.0,43.0,K1559,Baden-Württemberg
58,69209.45004428051,NaN,0.0,34.0,K1560,Nordrhein-Westfalen
31,10802.033307234791,NaN,1.0,25.0,K1561,Brandenburg
45,44514.71192462543,NaN,1.0,37.0,K1562,Berlin
68,86843.33779081808,NaN,1.0,28.0,K1563,Berlin
42,55437.14395534791,NaN,0.0,37.0,K1564,Brandenburg
66,67550.8458188448,NaN,1.0,18.0,K1565,Sachsen
46,57509.96508522576,NaN,1.0,43.0,K1566,Hamburg
50,64799.99968190091,NaN,1.0,35.0,K1567,Thüringen
48,57581.11655438521,NaN,0.0,57.0,K1568,Baden-Württemberg
36,50243.04319986396,NaN,1.0,48.0,K1569,Nordrhein-Westfalen
67,85750.07554566991,NaN,0.0,41.0,K1570,Nordrhein-Westfalen
37,44541.69777524597,NaN,0.0,34.0,K1571,Niedersachsen
42,46178.95708275883,NaN,1.0,28.0,K1572,Hessen
66,88621.24191112188,NaN,0.0,44.0,K1573,Hessen
31,41923.36515027969,NaN,1.0,33.0,K1574,Nordrhein-Westfalen
70,71511.57807009188,NaN,0.0,47.0,K1575,Nordrhein-Westfalen
40,50404.683471917626,NaN,1.0,39.0,K1576,Baden-Württemberg
53,53443.30526894799,NaN,1.0,39.0,K1577,Nordrhein-Westfalen
35,33793.84665708341,NaN,1.0,41.0,K1578,Berlin
55,60312.344941033865,NaN,1.0,26.0,K1579,Bayern
36,44077.95934623655,NaN,0.0,25.0,K1580,Nordrhein-Westfalen
68,84969.40499640783,NaN,1.0,24.0,K1581,Berlin
48,54207.38981037917,NaN,0.0,45.0,K1582,Nordrhein-Westfalen
35,39196.70589672828,NaN,1.0,26.0,K1583,Bayern
58,65207.45369111064,NaN,0.0,27.0,K1584,Baden-Württemberg
68,91036.07992470788,NaN,1.0,40.0,K1585,Brandenburg
31,12031.989258552723,NaN,1.0,32.0,K1586,Baden-Württemberg
48,55111.1738291915,NaN,1.0,31.0,K1587,Nordrhein-Westfalen
33,54044.93494557665,NaN,0.0,30.0,K1588,Bayern
35,47150.77367320037,NaN,1.0,12.0,K1589,Berlin
66,90643.13302647206,NaN,1.0,25.0,K1590,Baden-Württemberg
57,50221.96278036853,NaN,1.0,47.0,K1591,Bayern
59,59731.06742753732,NaN,0.0,30.0,K1592,Nordrhein-Westfalen
36,48307.10194014782,NaN,1.0,16.0,K1593,Baden-Württemberg
38,60020.87616762462,NaN,0.0,25.0,K1594,Niedersachsen
54,54716.54874136162,NaN,1.0,39.0,K1595,Sachsen
62,70988.4472906834,NaN,0.0,38.0,K1596,Niedersachsen
30,40182.209774789095,NaN,0.0,32.0,K1597,Nordrhein-Westfalen
35,29395.6414486515,NaN,1.0,28.0,K1598,Baden-Württemberg
47,61411.10701386299,NaN,1.0,21.0,K1599,Bayern
39,23109.88057358736,NaN,1.0,39.0,K1600,Sachsen
57,72995.72853268619,NaN,1.0,43.0,K1601,Niedersachsen
40,39443.816099458985,NaN,1.0,48.0,K1602,Niedersachsen
62,70449.09092468504,NaN,0.0,24.0,K1603,Niedersachsen
30,42439.49390670383,NaN,1.0,49.0,K1604,Berlin
42,54815.06292960715,NaN,0.0,34.0,K1605,Baden-Württemberg
66,79151.82942397373,NaN,1.0,35.0,K1606,Nordrhein-Westfalen
49,67813.53353244104,NaN,0.0,44.0,K1607,Niedersachsen
30,21238.02542225393,NaN,1.0,30.0,K1608,Berlin
32,40776.02314471374,NaN,1.0,13.0,K1609,Berlin
47,49585.98844044164,NaN,1.0,42.0,K1610,Bayern
70,92238.94765868138,NaN,1.0,38.0,K1611,Bayern
43,58161.76456569998,NaN,1.0,31.0,K1612,Nordrhein-Westfalen
60,78633.97284484014,NaN,0.0,41.0,K1613,Nordrhein-Westfalen
56,82205.14384002211,NaN,0.0,43.0,K1614,Hamburg
46,65676.46865736888,NaN,1.0,20.0,K1615,Baden-Württemberg
58,68324.69609736647,NaN,1.0,35.0,K1616,Bayern
65,78027.33356866369,NaN,1.0,12.0,K1617,Niedersachsen
66,84640.6305637355,NaN,1.0,34.0,K1618,Berlin
55,67416.14051817694,NaN,1.0,31.0,K1619,Nordrhein-Westfalen
46,61880.00432369419,NaN,0.0,40.0,K1620,Sachsen
51,41344.513691095926,NaN,0.0,24.0,K1621,Nordrhein-Westfalen
54,81957.21491840295,NaN,0.0,31.0,K1622,Berlin
31,38298.53365217667,NaN,1.0,3.0,K1623,Nordrhein-Westfalen
51,46823.71950733446,NaN,0.0,41.0,K1624,Bayern
34,33066.51872882614,NaN,0.0,34.0,K1625,Baden-Württemberg
33,20924.68796076063,NaN,1.0,36.0,K1626,Baden-Württemberg
65,68211.38298720564,NaN,1.0,20.0,K1627,Berlin
35,41206.23466424097,NaN,0.0,39.0,K1628,Sachsen
50,73917.24951702455,NaN,1.0,52.0,K1629,Bayern
42,54485.35271297408,NaN,1.0,33.0,K1630,Bayern
66,81322.77755624868,NaN,1.0,42.0,K1631,Thüringen
54,54771.81984576158,NaN,0.0,26.0,K1632,Baden-Württemberg
55,58756.75145483924,NaN,1.0,34.0,K1633,Nordrhein-Westfalen
68,74860.98577194301,NaN,0.0,20.0,K1634,Bayern
49,52713.55868975444,NaN,0.0,43.0,K1635,Baden-Württemberg
62,71314.97859749506,NaN,0.0,37.0,K1636,Sachsen
43,49480.57828968764,NaN,1.0,23.0,K1637,Baden-Württemberg
65,74982.30954012758,NaN,0.0,27.0,K1638,Hessen
46,49472.2553883599,NaN,1.0,36.0,K1639,Bayern
50,61480.98123663141,NaN,1.0,44.0,K1640,Baden-Württemberg
45,51504.42714273189,NaN,1.0,50.0,K1641,Baden-Württemberg
45,39956.11884255284,NaN,1.0,34.0,K1642,Baden-Württemberg
49,59388.51974583303,NaN,0.0,21.0,K1643,Baden-Württemberg
58,68691.18132399686,NaN,1.0,37.0,K1644,Nordrhein-Westfalen
57,54319.92014266763,NaN,1.0,53.0,K1645,Brandenburg
37,39528.49075947741,NaN,1.0,19.0,K1646,Bayern
53,69200.65406495638,NaN,0.0,25.0,K1647,Berlin
32,28689.47225291241,NaN,0.0,41.0,K1648,Sachsen
54,53806.64986546736,NaN,0.0,37.0,K1649,Sachsen
48,54965.091031366464,NaN,1.0,30.0,K1650,Niedersachsen
62,80098.84348008504,NaN,1.0,37.0,K1651,Sachsen
31,54066.71490277438,NaN,0.0,45.0,K1652,Bayern
44,59093.19528865111,NaN,1.0,34.0,K1653,Berlin
51,71227.25924976716,NaN,1.0,33.0,K1654,Hessen
39,50353.634423314,NaN,0.0,41.0,K1655,Hessen
47,50532.94655950043,NaN,1.0,32.0,K1656,Brandenburg
51,67323.14564444456,NaN,0.0,46.0,K1657,Berlin
56,66602.00104696192,NaN,1.0,55.0,K1658,Thüringen
42,54182.115014181705,NaN,1.0,26.0,K1659,Nordrhein-Westfalen
62,65956.21914527242,NaN,1.0,22.0,K1660,Berlin
34,45507.99444877001,NaN,1.0,39.0,K1661,Nordrhein-Westfalen
55,65102.40111435221,NaN,0.0,22.0,K1662,Bayern
42,52868.08933311733,NaN,0.0,22.0,K1663,Baden-Württemberg
56,66606.82240212626,NaN,1.0,15.0,K1664,Bayern
43,49469.83311831008,NaN,1.0,31.0,K1665,Berlin
53,68187.64468748034,NaN,0.0,35.0,K1666,Baden-Württemberg
32,35272.926564171445,NaN,0.0,30.0,K1667,Nordrhein-Westfalen
59,56608.2671927764,NaN,1.0,49.0,K1668,Bayern
64,59961.78573779843,NaN,1.0,48.0,K1669,Hessen
43,53630.872956814776,NaN,1.0,54.0,K1670,Baden-Württemberg
41,45567.30061803409,NaN,0.0,35.0,K1671,Baden-Württemberg
57,52972.58201462748,NaN,0.0,47.0,K1672,Sachsen
58,70703.99819302277,NaN,1.0,38.0,K1673,Hessen
46,54677.38676147014,NaN,0.0,37.0,K1674,Thüringen
69,78275.28507069028,NaN,1.0,30.0,K1675,Thüringen
50,62488.351194082206,NaN,1.0,12.0,K1676,Berlin
52,74487.88940711174,NaN,1.0,41.0,K1677,Bayern
49,70657.90273822784,NaN,0.0,47.0,K1678,Nordrhein-Westfalen
40,49709.40649298079,NaN,1.0,20.0,K1679,Thüringen
63,74905.16215817424,NaN,1.0,35.0,K1680,Hessen
39,48650.32716141169,NaN,1.0,45.0,K1681,Nordrhein-Westfalen
39,50013.890492027975,NaN,1.0,31.0,K1682,Nordrhein-Westfalen
35,40070.02223199869,NaN,1.0,47.0,K1683,Bayern
65,79612.09314241726,NaN,0.0,34.0,K1684,Hessen
53,49633.94504662924,NaN,1.0,30.0,K1685,Nordrhein-Westfalen
41,50331.80083448773,NaN,0.0,48.0,K1686,Niedersachsen
52,66931.62974555178,NaN,1.0,26.0,K1687,Baden-Württemberg
56,62958.236734754246,NaN,1.0,28.0,K1688,Bayern
66,78363.1815844051,NaN,1.0,26.0,K1689,Baden-Württemberg
35,32469.35249836007,NaN,1.0,24.0,K1690,Bayern
30,25293.08536320475,NaN,1.0,37.0,K1691,Sachsen
35,44388.74911272415,NaN,1.0,30.0,K1692,Baden-Württemberg
51,54872.34097614113,NaN,0.0,40.0,K1693,Bayern
70,67947.50548655371,NaN,0.0,18.0,K1694,Bayern
53,53797.07241160214,NaN,1.0,24.0,K1695,Hessen
54,56292.71084855829,NaN,1.0,36.0,K1696,Hamburg
44,60135.62060655392,NaN,1.0,50.0,K1697,Bayern
55,67803.19569847536,NaN,1.0,39.0,K1698,Baden-Württemberg
37,37001.8597858101,NaN,1.0,29.0,K1699,Bayern
53,58520.52013258997,NaN,0.0,20.0,K1700,Brandenburg
67,92235.91092679052,NaN,1.0,29.0,K1701,Bayern
35,50926.48935086532,NaN,1.0,35.0,K1702,Sachsen
64,66775.5553021718,NaN,1.0,11.0,K1703,Berlin
30,47051.43409867171,NaN,1.0,23.0,K1704,Baden-Württemberg
65,77311.9739206334,NaN,0.0,28.0,K1705,Nordrhein-Westfalen
41,56806.22119727098,NaN,1.0,32.0,K1706,Bayern
67,78936.7240936164,NaN,1.0,34.0,K1707,Niedersachsen
40,59102.57639746197,NaN,0.0,29.0,K1708,Bayern
41,39145.70180758025,NaN,1.0,40.0,K1709,Hessen
68,79291.161811527,NaN,0.0,36.0,K1710,Nordrhein-Westfalen
36,54638.64043798264,NaN,0.0,31.0,K1711,Sachsen
40,26846.54215214988,NaN,1.0,41.0,K1712,Bayern
65,77623.56450322206,NaN,0.0,41.0,K1713,Bayern
60,68566.28547266309,NaN,1.0,20.0,K1714,Berlin
62,80655.26833212131,NaN,1.0,35.0,K1715,Sachsen
42,60427.7317067945,NaN,1.0,44.0,K1716,Sachsen
47,63291.36034723298,NaN,1.0,46.0,K1717,Baden-Württemberg
70,86136.18828412276,NaN,0.0,39.0,K1718,Baden-Württemberg
53,64184.29083653157,NaN,0.0,33.0,K1719,Brandenburg
38,42954.2984579802,NaN,0.0,39.0,K1720,Baden-Württemberg
60,74006.40521042302,NaN,0.0,43.0,K1721,Bayern
70,97121.14063388376,NaN,1.0,36.0,K1722,Baden-Württemberg
39,39742.26414332624,NaN,1.0,37.0,K1723,Niedersachsen
31,34124.0595832316,NaN,1.0,33.0,K1724,Sachsen
67,79728.1351072828,NaN,1.0,22.0,K1725,Thüringen
44,62175.95917026976,NaN,1.0,33.0,K1726,Berlin
32,40946.27928872359,NaN,0.0,28.0,K1727,Hessen
60,80978.81780644435,NaN,1.0,28.0,K1728,Nordrhein-Westfalen
35,51809.92945439946,NaN,1.0,49.0,K1729,Baden-Württemberg
32,44270.051947941305,NaN,1.0,45.0,K1730,Niedersachsen
40,38822.673540278105,NaN,0.0,18.0,K1731,Berlin
44,68126.652521837,NaN,0.0,24.0,K1732,Bayern
57,81289.8813692296,NaN,0.0,31.0,K1733,Berlin
39,47801.25201522806,NaN,1.0,29.0,K1734,Baden-Württemberg
67,67953.50503425323,NaN,0.0,38.0,K1735,Niedersachsen
36,29607.14160492055,NaN,1.0,23.0,K1736,Bayern
44,55445.95305775515,NaN,0.0,45.0,K1737,Bayern
47,50383.0035146331,NaN,1.0,35.0,K1738,Baden-Württemberg
47,41229.83915188955,NaN,1.0,32.0,K1739,Nordrhein-Westfalen
70,69727.40958594189,NaN,1.0,35.0,K1740,Brandenburg
53,59582.2190840033,NaN,0.0,31.0,K1741,Hessen
31,39505.51717833216,NaN,1.0,15.0,K1742,Hessen
69,95449.89944185666,NaN,0.0,35.0,K1743,Berlin
49,63443.36805996244,NaN,1.0,32.0,K1744,Baden-Württemberg
63,72230.76156233066,NaN,1.0,25.0,K1745,Nordrhein-Westfalen
55,69613.52731286261,NaN,1.0,46.0,K1746,Baden-Württemberg
36,46292.64821649616,NaN,1.0,42.0,K1747,Baden-Württemberg
67,87075.0424976642,NaN,1.0,59.0,K1748,Niedersachsen
59,70568.66378815504,NaN,1.0,43.0,K1749,Bayern
34,50643.73852762316,NaN,0.0,29.0,K1750,Bayern
40,55845.12052725056,NaN,1.0,26.0,K1751,Berlin
30,37308.86983279808,NaN,0.0,30.0,K1752,Berlin
63,74594.05365261914,NaN,0.0,28.0,K1753,Niedersachsen
30,44854.02478961971,NaN,0.0,36.0,K1754,Hessen
48,51462.33449658315,NaN,1.0,20.0,K1755,Niedersachsen
31,24167.813958101447,NaN,1.0,41.0,K1756,Niedersachsen
50,46631.75790296047,NaN,1.0,36.0,K1757,Bayern
49,51900.08248154316,NaN,0.0,40.0,K1758,Bayern
52,68579.73782117813,NaN,0.0,24.0,K1759,Berlin
50,56452.50312454669,NaN,1.0,37.0,K1760,Bayern
53,65662.1492493404,NaN,1.0,48.0,K1761,Thüringen
33,35653.84321707804,NaN,0.0,26.0,K1762,Nordrhein-Westfalen
41,45205.48270302053,NaN,1.0,26.0,K1763,Baden-Württemberg
51,52205.09243795647,NaN,0.0,42.0,K1764,Baden-Württemberg
49,58250.254832502986,NaN,1.0,25.0,K1765,Baden-Württemberg
47,55129.65608568848,NaN,0.0,33.0,K1766,Bayern
30,40283.17451896094,NaN,1.0,50.0,K1767,Baden-Württemberg
59,73522.00822960361,NaN,1.0,26.0,K1768,Hamburg
62,72706.64550804085,NaN,0.0,50.0,K1769,Nordrhein-Westfalen
53,50242.75715062758,NaN,0.0,32.0,K1770,Nordrhein-Westfalen
43,61618.7453207506,NaN,1.0,24.0,K1771,Bayern
65,77272.17232791125,NaN,1.0,41.0,K1772,Berlin
34,42021.351206703584,NaN,0.0,36.0,K1773,Brandenburg
40,62840.37452322088,NaN,0.0,35.0,K1774,Nordrhein-Westfalen
53,72005.35624913589,NaN,0.0,27.0,K1775,Nordrhein-Westfalen
60,76138.00507813401,NaN,0.0,36.0,K1776,Sachsen
42,50762.74763263938,NaN,1.0,14.0,K1777,Brandenburg
45,54233.58902280894,NaN,1.0,37.0,K1778,Niedersachsen
53,65983.03408246486,NaN,0.0,48.0,K1779,Baden-Württemberg
42,54451.38922687168,NaN,0.0,17.0,K1780,Hessen
53,79245.21742663819,NaN,1.0,31.0,K1781,Bayern
55,88482.68247002398,NaN,1.0,26.0,K1782,Berlin
31,40364.83289990759,NaN,0.0,20.0,K1783,Niedersachsen
45,34928.931486598696,NaN,1.0,14.0,K1784,Bayern
67,71829.75731774843,NaN,1.0,23.0,K1785,Baden-Württemberg
30,52892.24489319211,NaN,1.0,33.0,K1786,Baden-Württemberg
40,54891.4467910973,NaN,0.0,46.0,K1787,Baden-Württemberg
64,80694.13503602639,NaN,0.0,20.0,K1788,Baden-Württemberg
58,68239.81506659748,NaN,1.0,38.0,K1789,Baden-Württemberg
66,68505.92715813697,NaN,0.0,37.0,K1790,Bayern
46,70647.16884927596,NaN,0.0,52.0,K1791,Bayern
68,74173.37479321256,NaN,1.0,41.0,K1792,Thüringen
57,75132.69871427603,NaN,0.0,41.0,K1793,Bayern
58,58019.166247436144,NaN,1.0,42.0,K1794,Baden-Württemberg
32,36992.27895495792,NaN,1.0,26.0,K1795,Hamburg
39,56179.01757390302,NaN,1.0,29.0,K1796,Nordrhein-Westfalen
43,49717.79872938432,NaN,1.0,46.0,K1797,Niedersachsen
41,46277.31482345062,NaN,1.0,14.0,K1798,Bayern
59,71024.577322895,NaN,0.0,28.0,K1799,Hessen
61,61255.99192759155,NaN,0.0,22.0,K1800,Niedersachsen
61,59560.06177988721,NaN,0.0,37.0,K1801,Nordrhein-Westfalen
61,79736.84965500307,NaN,1.0,31.0,K1802,Niedersachsen
55,62382.86173048115,NaN,1.0,41.0,K1803,Nordrhein-Westfalen
30,42931.66563188125,NaN,1.0,34.0,K1804,Nordrhein-Westfalen
31,47827.72371659648,NaN,1.0,20.0,K1805,Hessen
46,66328.13647748511,NaN,1.0,20.0,K1806,Berlin
59,56316.93332282888,NaN,0.0,35.0,K1807,Niedersachsen
68,75303.55879567935,NaN,0.0,27.0,K1808,Nordrhein-Westfalen
36,48519.26595769286,NaN,1.0,30.0,K1809,Baden-Württemberg
56,72358.42907053951,NaN,1.0,44.0,K1810,Thüringen
38,66319.92238394536,NaN,0.0,43.0,K1811,Baden-Württemberg
51,53267.39361143701,NaN,1.0,53.0,K1812,Berlin
63,86198.61197070724,NaN,0.0,32.0,K1813,Nordrhein-Westfalen
30,39919.0953348874,NaN,0.0,29.0,K1814,Bayern
38,31258.40589789548,NaN,0.0,39.0,K1815,Berlin
49,54140.59545614648,NaN,1.0,29.0,K1816,Baden-Württemberg
48,60260.01950308245,NaN,0.0,30.0,K1817,Berlin
65,62675.60049141745,NaN,1.0,33.0,K1818,Baden-Württemberg
69,64084.613271185575,NaN,0.0,52.0,K1819,Bayern
33,24242.6013961693,NaN,1.0,42.0,K1820,Berlin
38,48379.32276693023,NaN,1.0,43.0,K1821,Thüringen
70,79595.02132977676,NaN,1.0,51.0,K1822,Thüringen
51,55860.34134441505,NaN,1.0,44.0,K1823,Baden-Württemberg
47,51429.78677781613,NaN,0.0,24.0,K1824,Nordrhein-Westfalen
41,36761.482581315344,NaN,0.0,44.0,K1825,Baden-Württemberg
68,77479.77370987926,NaN,0.0,45.0,K1826,Baden-Württemberg
38,29634.423994680477,NaN,1.0,42.0,K1827,Baden-Württemberg
35,53193.85923018119,NaN,0.0,33.0,K1828,Thüringen
48,73148.25210218443,NaN,1.0,40.0,K1829,Sachsen
36,22706.333687510007,NaN,0.0,35.0,K1830,Baden-Württemberg
45,50109.82725085266,NaN,0.0,25.0,K1831,Baden-Württemberg
34,37661.69296425793,NaN,1.0,28.0,K1832,Bayern
45,52765.75865735413,NaN,0.0,42.0,K1833,Hamburg
30,45591.20724531085,NaN,1.0,26.0,K1834,Hessen
66,75021.34800930391,NaN,1.0,27.0,K1835,Bayern
68,80798.29331494017,NaN,1.0,43.0,K1836,Nordrhein-Westfalen
48,84746.79344370571,NaN,1.0,36.0,K1837,Bayern
66,78220.57773084576,NaN,0.0,41.0,K1838,Sachsen
46,71444.45810073885,NaN,1.0,23.0,K1839,Niedersachsen
55,70713.57874370294,NaN,1.0,40.0,K1840,Berlin
51,56457.4891364143,NaN,0.0,28.0,K1841,Nordrhein-Westfalen
37,38361.78583960067,NaN,0.0,25.0,K1842,Nordrhein-Westfalen
62,74418.17682867263,NaN,0.0,30.0,K1843,Bayern
31,27594.39325353453,NaN,0.0,49.0,K1844,Bayern
59,63141.814178909146,NaN,0.0,31.0,K1845,Sachsen
49,55265.13374235362,NaN,1.0,57.0,K1846,Baden-Württemberg
47,59352.78068693205,NaN,1.0,14.0,K1847,Baden-Württemberg
39,63688.04086663379,NaN,1.0,20.0,K1848,Berlin
53,59447.262796840456,NaN,1.0,48.0,K1849,Nordrhein-Westfalen
33,44278.56567005231,NaN,0.0,51.0,K1850,Nordrhein-Westfalen
66,64549.900810909385,NaN,1.0,26.0,K1851,Sachsen
33,49675.88380895828,NaN,0.0,36.0,K1852,Hamburg
42,35264.285269608416,NaN,1.0,42.0,K1853,Baden-Württemberg
54,72200.30765952234,NaN,1.0,33.0,K1854,Hessen
42,50054.07447111782,NaN,1.0,36.0,K1855,Nordrhein-Westfalen
47,55621.01637414354,NaN,0.0,35.0,K1856,Baden-Württemberg
53,61112.05583267966,NaN,0.0,20.0,K1857,Baden-Württemberg
31,26018.930843729628,NaN,0.0,32.0,K1858,Baden-Württemberg
62,63231.8216240426,NaN,1.0,35.0,K1859,Hessen
48,65433.98468653538,NaN,0.0,36.0,K1860,Sachsen
38,46151.09013655503,NaN,1.0,18.0,K1861,Niedersachsen
57,65786.36558907609,NaN,1.0,43.0,K1862,Thüringen
64,80850.54112703342,NaN,0.0,36.0,K1863,Baden-Württemberg
68,82507.00289295636,NaN,1.0,24.0,K1864,Sachsen
39,40081.01700884192,NaN,0.0,53.0,K1865,Nordrhein-Westfalen
30,58746.83197974503,NaN,1.0,32.0,K1866,Bayern
50,66940.78999582701,NaN,0.0,32.0,K1867,Thüringen
38,47188.88812026303,NaN,0.0,41.0,K1868,Bayern
44,48523.85972184355,NaN,1.0,54.0,K1869,Sachsen
64,85441.92783839643,NaN,0.0,42.0,K1870,Sachsen
34,34204.31522228897,NaN,1.0,43.0,K1871,Nordrhein-Westfalen
70,76105.63448490306,NaN,0.0,25.0,K1872,Hessen
51,76712.25928056381,NaN,1.0,36.0,K1873,Baden-Württemberg
70,84240.31803710136,NaN,1.0,30.0,K1874,Hamburg
52,55752.80243094997,NaN,1.0,42.0,K1875,Bayern
36,43724.72288212965,NaN,1.0,43.0,K1876,Nordrhein-Westfalen
52,70297.21359638925,NaN,0.0,51.0,K1877,Nordrhein-Westfalen
54,70603.6396479521,NaN,1.0,13.0,K1878,Sachsen
56,76155.67203946126,NaN,1.0,29.0,K1879,Baden-Württemberg
70,72700.31509270631,NaN,1.0,48.0,K1880,Nordrhein-Westfalen
35,51044.09254333704,NaN,1.0,21.0,K1881,Sachsen
63,74054.70619267496,NaN,0.0,43.0,K1882,Nordrhein-Westfalen
38,46846.64631106874,NaN,0.0,46.0,K1883,Baden-Württemberg
62,85386.11536571402,NaN,1.0,35.0,K1884,Baden-Württemberg
35,48822.8312188674,NaN,0.0,21.0,K1885,Baden-Württemberg
66,82388.15906332547,NaN,0.0,34.0,K1886,Hessen
60,54229.96589811336,NaN,1.0,50.0,K1887,Hessen
63,75258.5882756021,NaN,0.0,50.0,K1888,Thüringen
70,76890.7480564395,NaN,1.0,37.0,K1889,Berlin
58,76153.05437383783,NaN,0.0,25.0,K1890,Bayern
43,60901.03909793945,NaN,0.0,52.0,K1891,Hessen
65,75316.25436063616,NaN,1.0,43.0,K1892,Nordrhein-Westfalen
65,72026.05013724076,NaN,0.0,26.0,K1893,Sachsen
44,67182.04737078062,NaN,0.0,38.0,K1894,Nordrhein-Westfalen
37,39421.70983093856,NaN,1.0,38.0,K1895,Berlin
55,55421.10091157522,NaN,0.0,29.0,K1896,Niedersachsen
65,70533.06422668723,NaN,1.0,38.0,K1897,Nordrhein-Westfalen
50,55260.84751553851,NaN,0.0,46.0,K1898,Brandenburg
57,60794.35544071276,NaN,0.0,32.0,K1899,Bayern
33,47738.79992886855,NaN,1.0,47.0,K1900,Baden-Württemberg
45,34526.57020159587,NaN,1.0,17.0,K1901,Baden-Württemberg
51,53493.22245123,NaN,0.0,57.0,K1902,Niedersachsen
41,49170.38002666986,NaN,1.0,36.0,K1903,Baden-Württemberg
45,56233.72142710067,NaN,1.0,46.0,K1904,Bayern
69,98029.0012254466,NaN,1.0,37.0,K1905,Bayern
67,94337.55474285186,NaN,1.0,27.0,K1906,Hessen
66,64794.72727631589,NaN,1.0,35.0,K1907,Berlin
58,52544.54786370581,NaN,1.0,16.0,K1908,Niedersachsen
47,56933.67295901219,NaN,1.0,42.0,K1909,Baden-Württemberg
39,41160.410278521726,NaN,0.0,37.0,K1910,Baden-Württemberg
68,70848.86655336355,NaN,1.0,33.0,K1911,Brandenburg
47,56853.89576971034,NaN,1.0,43.0,K1912,Bayern
30,38642.9176274666,NaN,1.0,35.0,K1913,Bayern
68,74031.33048504737,NaN,0.0,41.0,K1914,Baden-Württemberg
50,54638.11210823203,NaN,1.0,45.0,K1915,Sachsen
30,29694.36967212773,NaN,1.0,30.0,K1916,Niedersachsen
44,49444.36995163138,NaN,1.0,27.0,K1917,Baden-Württemberg
33,44999.01911189909,NaN,0.0,18.0,K1918,Baden-Württemberg
49,49362.35856757959,NaN,0.0,36.0,K1919,Thüringen
39,41453.36746861263,NaN,0.0,40.0,K1920,Niedersachsen
52,59034.50276222728,NaN,0.0,22.0,K1921,Berlin
70,83902.94581993156,NaN,0.0,49.0,K1922,Niedersachsen
63,78156.46621911302,NaN,1.0,27.0,K1923,Nordrhein-Westfalen
62,92892.64417436426,NaN,0.0,14.0,K1924,Nordrhein-Westfalen
63,80825.88321852202,NaN,1.0,50.0,K1925,Berlin
68,86965.51716221104,NaN,0.0,15.0,K1926,Berlin
39,44825.252298298255,NaN,0.0,45.0,K1927,Baden-Württemberg
49,50246.09171758335,NaN,1.0,42.0,K1928,Sachsen
30,31802.090870144064,NaN,1.0,38.0,K1929,Hessen
42,44380.59493320296,NaN,1.0,30.0,K1930,Bayern
30,40098.97930944886,NaN,0.0,40.0,K1931,Sachsen
34,26418.801247455667,NaN,0.0,45.0,K1932,Sachsen
45,59679.660948359415,NaN,0.0,25.0,K1933,Thüringen
44,52096.75434082368,NaN,1.0,45.0,K1934,Nordrhein-Westfalen
57,75169.08296945898,NaN,0.0,44.0,K1935,Thüringen
60,65588.40358296338,NaN,0.0,38.0,K1936,Bayern
52,54508.68539041199,NaN,0.0,30.0,K1937,Nordrhein-Westfalen
46,51857.86016658747,NaN,1.0,44.0,K1938,Nordrhein-Westfalen
63,71786.86963567701,NaN,1.0,40.0,K1939,Bayern
42,58051.95657742942,NaN,0.0,25.0,K1940,Baden-Württemberg
43,59150.94076517639,NaN,0.0,31.0,K1941,Thüringen
40,65585.39007498826,NaN,0.0,43.0,K1942,Bayern
57,64092.31580931567,NaN,1.0,36.0,K1943,Nordrhein-Westfalen
61,43123.90092326082,NaN,1.0,46.0,K1944,Baden-Württemberg
64,73163.2169267002,NaN,0.0,32.0,K1945,Baden-Württemberg
60,74192.86253782813,NaN,1.0,25.0,K1946,Berlin
46,61964.35164914425,NaN,0.0,57.0,K1947,Bayern
38,48780.18090135144,NaN,1.0,18.0,K1948,Niedersachsen
39,42755.05631672945,NaN,1.0,30.0,K1949,Hessen
37,60309.95951774383,NaN,0.0,38.0,K1950,Baden-Württemberg
50,50945.51749373209,NaN,0.0,45.0,K1951,Baden-Württemberg
42,48307.88333506359,NaN,1.0,41.0,K1952,Berlin
34,31569.144694480678,NaN,1.0,58.0,K1953,Baden-Württemberg
35,42664.92693348081,NaN,0.0,34.0,K1954,Nordrhein-Westfalen
59,85251.99990957863,NaN,1.0,26.0,K1955,Berlin
60,70843.4057219761,NaN,0.0,33.0,K1956,Baden-Württemberg
46,54308.48613322938,NaN,1.0,32.0,K1957,Brandenburg
40,33126.11045648739,NaN,0.0,34.0,K1958,Baden-Württemberg
49,56491.65443727993,NaN,0.0,25.0,K1959,Baden-Württemberg
38,56413.98226900063,NaN,0.0,43.0,K1960,Bayern
31,35492.79320276713,NaN,1.0,39.0,K1961,Nordrhein-Westfalen
66,76359.21101179442,NaN,0.0,22.0,K1962,Sachsen
30,46530.32318665145,NaN,1.0,45.0,K1963,Nordrhein-Westfalen
33,37291.97508568333,NaN,1.0,27.0,K1964,Bayern
65,89685.33344089528,NaN,0.0,23.0,K1965,Bayern
54,53423.91068717487,NaN,0.0,36.0,K1966,Hamburg
32,45043.607729217045,NaN,0.0,17.0,K1967,Nordrhein-Westfalen
38,60883.50347816685,NaN,1.0,41.0,K1968,Thüringen
51,70533.4440736586,NaN,1.0,7.0,K1969,Baden-Württemberg
52,45802.02820555963,NaN,1.0,25.0,K1970,Baden-Württemberg
41,43844.85658174201,NaN,0.0,51.0,K1971,Niedersachsen
39,45047.55095673474,NaN,0.0,28.0,K1972,Nordrhein-Westfalen
63,84772.48084731762,NaN,1.0,30.0,K1973,Nordrhein-Westfalen
39,35225.29630047012,NaN,0.0,48.0,K1974,Niedersachsen
59,61744.00685308066,NaN,1.0,27.0,K1975,Thüringen
51,46979.787008357554,NaN,1.0,43.0,K1976,Hamburg
35,35044.698545708445,NaN,1.0,47.0,K1977,Sachsen
31,26466.439594051568,NaN,1.0,40.0,K1978,Thüringen
59,85332.22542381042,NaN,1.0,21.0,K1979,Nordrhein-Westfalen
31,31912.96328237923,NaN,0.0,29.0,K1980,Bayern
61,79526.72258325989,NaN,1.0,62.0,K1981,Baden-Württemberg
45,54500.5391380709,NaN,0.0,30.0,K1982,Hamburg
41,49634.22898625423,NaN,1.0,65.0,K1983,Berlin
30,31232.137410671497,NaN,0.0,52.0,K1984,Nordrhein-Westfalen
37,51799.464698996206,NaN,0.0,40.0,K1985,Baden-Württemberg
42,52174.79091303806,NaN,0.0,38.0,K1986,Bayern
44,54025.601631232574,NaN,1.0,30.0,K1987,Nordrhein-Westfalen
37,39509.3886198562,NaN,0.0,34.0,K1988,Baden-Württemberg
39,43354.50180165668,NaN,0.0,28.0,K1989,Bayern
34,46611.89681382488,NaN,1.0,34.0,K1990,Berlin
48,59967.31328247114,NaN,1.0,21.0,K1991,Hessen
67,81521.76144297997,NaN,1.0,21.0,K1992,Baden-Württemberg
40,41616.57298010873,NaN,0.0,48.0,K1993,Nordrhein-Westfalen
49,76602.7888395788,NaN,1.0,19.0,K1994,Berlin
49,54754.52544962578,NaN,1.0,44.0,K1995,Berlin
